"來臺旅客人數按居住地分-月 依 期間, 居住地別 與 種類"

" "," 合計"," "," 亞洲"," "," 亞洲-香港、澳門"," "," 亞洲-中國大陸"," "," 亞洲-日本"," "," 美洲"," "," 歐洲"," "," 大洋洲"," "," 非洲"," "," 未列明"," "
" "," 原始值"," 年增率(%)"," 原始值"," 年增率(%)"," 原始值"," 年增率(%)"," 原始值"," 年增率(%)"," 原始值"," 年增率(%)"," 原始值"," 年增率(%)"," 原始值"," 年增率(%)"," 原始值"," 年增率(%)"," 原始值"," 年增率(%)"," 原始值"," 年增率(%)"
"1981M01",122717,2.80,100685,-0.64,...,...,...,...,...,...,...,...,...,...,...,...,...,...,...,...
"1981M02",110381,-2.43,92668,-3.91,...,...,...,...,...,...,...,...,...,...,...,...,...,...,...,...
"1981M03",123247,2.44,100180,1.52,...,...,...,...,...,...,...,...,...,...,...,...,...,...,...,...
"1981M04",118966,4.55,92730,2.05,...,...,...,...,...,...,...,...,...,...,...,...,...,...,...,...
"1981M05",115844,4.80,89194,1.12,...,...,...,...,...,...,...,...,...,...,...,...,...,...,...,...
"1981M06",115778,8.80,91832,7.23,...,...,...,...,...,...,...,...,...,...,...,...,...,...,...,...
"1981M07",105157,-0.75,83361,-0.80,...,...,...,...,...,...,...,...,...,...,...,...,...,...,...,...
"1981M08",125309,10.45,102486,9.49,...,...,...,...,...,...,...,...,...,...,...,...,...,...,...,...
"1981M09",108001,5.86,85642,3.20,...,...,...,...,...,...,...,...,...,...,...,...,...,...,...,...
"1981M10",139974,-3.67,106829,-6.00,...,...,...,...,...,...,...,...,...,...,...,...,...,...,...,...
"1981M11",118659,-8.74,92821,-10.58,...,...,...,...,...,...,...,...,...,...,...,...,...,...,...,...
"1981M12",105432,-6.63,84862,-7.35,...,...,...,...,...,...,...,...,...,...,...,...,...,...,...,...
"1982M01",121786,-0.76,103926,3.22,...,...,...,...,...,...,...,...,...,...,...,...,...,...,...,...
"1982M02",119310,8.09,102176,10.26,...,...,...,...,...,...,...,...,...,...,...,...,...,...,...,...
"1982M03",119039,-3.41,98414,-1.76,...,...,...,...,...,...,...,...,...,...,...,...,...,...,...,...
"1982M04",121047,1.75,97522,5.17,...,...,...,...,...,...,...,...,...,...,...,...,...,...,...,...
"1982M05",106709,-7.89,83959,-5.87,...,...,...,...,...,...,...,...,...,...,...,...,...,...,...,...
"1982M06",108002,-6.72,87461,-4.76,...,...,...,...,...,...,...,...,...,...,...,...,...,...,...,...
"1982M07",117143,11.40,92550,11.02,...,...,...,...,...,...,...,...,...,...,...,...,...,...,...,...
"1982M08",118075,-5.77,97739,-4.63,...,...,...,...,...,...,...,...,...,...,...,...,...,...,...,...
"1982M09",106810,-1.10,87606,2.29,...,...,...,...,...,...,...,...,...,...,...,...,...,...,...,...
"1982M10",131983,-5.71,100393,-6.02,...,...,...,...,...,...,...,...,...,...,...,...,...,...,...,...
"1982M11",133784,12.75,108506,16.90,...,...,...,...,...,...,...,...,...,...,...,...,...,...,...,...
"1982M12",115490,9.54,96414,13.61,...,...,...,...,...,...,...,...,...,...,...,...,...,...,...,...
"1983M01",112212,-7.86,92106,-11.37,...,...,...,...,57517,...,12002,...,4701,...,1662,...,1285,...,456,...
"1983M02",128667,7.84,111699,9.32,...,...,...,...,59420,...,10201,...,4010,...,872,...,691,...,1194,...
"1983M03",131615,10.56,109774,11.54,...,...,...,...,63856,...,12530,...,6035,...,1505,...,1315,...,456,...
"1983M04",123500,2.03,98754,1.26,...,...,...,...,44541,...,14102,...,6221,...,1855,...,2151,...,417,...
"1983M05",111780,4.75,86653,3.21,...,...,...,...,42630,...,15589,...,5598,...,1827,...,1664,...,449,...
"1983M06",112435,4.10,89679,2.54,...,...,...,...,44611,...,15055,...,4511,...,1610,...,1177,...,403,...
"1983M07",112020,-4.37,87729,-5.21,...,...,...,...,40829,...,16200,...,4561,...,1422,...,1507,...,601,...
"1983M08",124060,5.07,101879,4.24,...,...,...,...,51665,...,13842,...,5045,...,1466,...,1256,...,572,...
"1983M09",109390,2.42,86987,-0.71,...,...,...,...,43286,...,13581,...,4973,...,1639,...,1767,...,443,...
"1983M10",135335,2.54,99727,-0.66,...,...,...,...,43139,...,22703,...,7922,...,2217,...,1930,...,836,...
"1983M11",137642,2.88,108655,0.14,...,...,...,...,60508,...,17181,...,8064,...,1936,...,1488,...,318,...
"1983M12",118748,2.82,96709,0.31,...,...,...,...,46572,...,13736,...,4168,...,1566,...,2057,...,512,...
"1984M01",120080,7.01,96123,4.36,...,...,...,...,61631,7.15,15147,26.20,4721,0.43,1821,9.57,1309,1.87,959,110.31
"1984M02",133994,4.14,114044,2.10,...,...,...,...,64093,7.86,12012,17.75,5029,25.41,1258,44.27,977,41.39,674,-43.55
"1984M03",132152,0.41,107187,-2.36,...,...,...,...,66862,4.71,14805,18.16,6426,6.48,1697,12.76,1411,7.30,626,37.28
"1984M04",136006,10.13,107592,8.95,...,...,...,...,50096,12.47,16613,17.81,6898,10.88,1904,2.64,2140,-0.51,859,106.00
"1984M05",123029,10.06,95054,9.69,...,...,...,...,49578,16.30,17048,9.36,6191,10.59,2302,26.00,1559,-6.31,875,94.88
"1984M06",121551,8.11,96270,7.35,...,...,...,...,49914,11.89,17020,13.05,4692,4.01,1711,6.27,1133,-3.74,725,79.90
"1984M07",115729,3.31,89129,1.60,...,...,...,...,41124,0.72,17274,6.63,5146,12.83,1470,3.38,1769,17.39,941,56.57
"1984M08",121568,-2.01,97686,-4.12,...,...,...,...,49590,-4.02,15120,9.23,5206,3.19,1514,3.27,1241,-1.19,801,40.03
"1984M09",113838,4.07,88999,2.31,...,...,...,...,43874,1.36,15021,10.60,5493,10.46,1687,2.93,1496,-15.34,1142,157.79
"1984M10",139422,3.02,101057,1.33,...,...,...,...,45212,4.81,24405,7.50,9057,14.33,2085,-5.95,1958,1.45,860,2.87
"1984M11",138935,0.94,109872,1.12,...,...,...,...,65969,9.03,17924,4.32,7721,-4.25,1622,-16.22,1020,-31.45,776,144.03
"1984M12",119834,0.91,95423,-1.33,...,...,...,...,48801,4.79,16105,17.25,4390,5.33,1447,-7.60,1438,-30.09,1031,101.37
"1985M01",120686,0.50,97065,0.98,...,...,...,...,63707,3.37,14758,-2.57,5176,9.64,1848,1.48,1097,-16.20,742,-22.63
"1985M02",123879,-7.55,105057,-7.88,...,...,...,...,58348,-8.96,11842,-1.42,4132,-17.84,1158,-7.95,702,-28.15,988,46.59
"1985M03",136257,3.11,108913,1.61,...,...,...,...,69986,4.67,16594,12.08,6952,8.19,1863,9.78,1022,-27.57,913,45.85
"1985M04",128310,-5.66,99823,-7.22,...,...,...,...,46211,-7.76,17125,3.08,6929,0.45,2057,8.04,1327,-37.99,1049,22.12
"1985M05",114977,-6.54,86424,-9.08,...,...,...,...,48412,-2.35,19060,11.80,5737,-7.33,1874,-18.59,1126,-27.77,756,-13.60
"1985M06",116694,-4.00,89472,-7.06,...,...,...,...,45428,-8.99,18537,8.91,5267,12.25,1674,-2.16,958,-15.45,786,8.41
"1985M07",111702,-3.48,83553,-6.26,...,...,...,...,40188,-2.28,19571,13.30,5017,-2.51,1526,3.81,1055,-40.36,980,4.14
"1985M08",119138,-2.00,95695,-2.04,...,...,...,...,49444,-0.29,15142,0.15,4904,-5.80,1366,-9.78,1080,-12.97,951,18.73
"1985M09",106422,-6.51,82940,-6.81,...,...,...,...,44886,2.31,14590,-2.87,5312,-3.30,1639,-2.85,1066,-28.74,875,-23.38
"1985M10",130840,-6.16,91815,-9.15,...,...,...,...,42322,-6.39,25347,3.86,9344,3.17,2025,-2.88,1471,-24.87,838,-2.56
"1985M11",124972,-10.05,96693,-11.99,...,...,...,...,59899,-9.20,17752,-0.96,7508,-2.76,1516,-6.54,821,-19.51,682,-12.11
"1985M12",117782,-1.71,93227,-2.30,...,...,...,...,51142,4.80,16590,3.01,4411,0.48,1687,16.59,1054,-26.70,813,-21.14
"1986M01",119188,-1.24,92855,-4.34,...,...,...,...,62649,-1.66,17063,15.62,5587,7.94,1842,-0.32,988,-9.94,853,14.96
"1986M02",123185,-0.56,102777,-2.17,...,...,...,...,59147,1.37,12470,5.30,4646,12.44,1240,7.08,867,23.50,1185,19.94
"1986M03",142043,4.25,113008,3.76,...,...,...,...,71728,2.49,17418,4.97,7858,13.03,1772,-4.88,1165,13.99,822,-9.97
"1986M04",127255,-0.82,96447,-3.38,...,...,...,...,50668,9.64,18383,7.35,7991,15.33,1900,-7.63,1601,20.65,933,-11.06
"1986M05",123066,7.04,92653,7.21,...,...,...,...,52058,7.53,18807,-1.33,7335,27.85,2009,7.20,1487,32.06,775,2.51
"1986M06",129129,10.66,99288,10.97,...,...,...,...,51526,13.42,19922,7.47,6162,16.99,1863,11.29,1187,23.90,707,-10.05
"1986M07",137393,23.00,94744,13.39,...,...,...,...,47923,19.25,20398,4.23,6756,34.66,1564,2.49,1351,28.06,12580,1183.67
"1986M08",139480,17.07,103402,8.05,...,...,...,...,55717,12.69,17263,14.01,6184,26.10,1552,13.62,1227,13.61,9852,935.96
"1986M09",123132,15.70,93480,12.71,...,...,...,...,52507,16.98,16843,15.44,6684,25.83,1757,7.20,1423,33.49,2945,236.57
"1986M10",156393,19.53,114319,24.51,...,...,...,...,56094,32.54,24853,-1.95,10669,14.18,1927,-4.84,1392,-5.37,3233,285.80
"1986M11",151696,21.38,115895,19.86,...,...,...,...,72816,21.56,19878,11.98,10154,35.24,1853,22.23,1156,40.80,2760,304.69
"1986M12",138425,17.53,107494,15.30,...,...,...,...,61234,19.73,19172,15.56,5250,19.02,1806,7.05,1152,9.30,3551,336.78
"1987M01",138751,16.41,106316,14.50,...,...,...,...,63140,0.78,18812,10.25,6305,12.85,1673,-9.17,891,-9.82,4754,457.33
"1987M02",136450,10.77,110165,7.19,...,...,...,...,74600,26.13,14716,18.01,7062,52.00,1585,27.82,892,2.88,2030,71.31
"1987M03",151086,6.37,117353,3.84,...,...,...,...,77470,8.01,18741,7.60,9104,15.86,2076,17.16,1503,29.01,2309,180.90
"1987M04",143011,12.38,107735,11.70,...,...,...,...,55446,9.43,20038,9.00,9171,14.77,1931,1.63,1467,-8.37,2669,186.07
"1987M05",141492,14.97,105511,13.88,...,...,...,...,59845,14.96,20566,9.35,8954,22.07,2271,13.04,1301,-12.51,2889,272.77
"1987M06",152738,18.28,108159,8.93,...,...,...,...,60775,17.95,28787,44.50,9005,46.14,2048,9.93,1414,19.12,3325,370.30
"1987M07",144939,5.49,107160,13.10,...,...,...,...,60895,27.07,23914,17.24,7339,8.63,1677,7.23,1359,0.59,3490,-72.26
"1987M08",143317,2.75,111599,7.93,...,...,...,...,66350,19.08,19067,10.45,6725,8.75,1626,4.77,1144,-6.76,3156,-67.97
"1987M09",133274,8.24,100858,7.89,...,...,...,...,60546,15.31,17811,5.75,8137,21.74,1811,3.07,1554,9.21,3103,5.37
"1987M10",168453,7.71,122324,7.00,...,...,...,...,67171,19.75,25635,3.15,12637,18.45,2202,14.27,1695,21.77,3960,22.49
"1987M11",164038,8.14,126155,8.85,...,...,...,...,83532,14.72,20617,3.72,11224,10.54,1871,0.97,1377,19.12,2794,1.23
"1987M12",143399,3.59,110669,2.95,...,...,...,...,66881,9.22,20293,5.85,6035,14.95,1576,-12.74,1366,18.58,3460,-2.56
"1988M01",151152,8.94,116875,9.93,...,...,...,...,79724,26.27,19976,6.19,8073,28.04,1804,7.83,1297,45.57,3127,-34.22
"1988M02",147496,8.10,120105,9.02,...,...,...,...,74227,-0.50,15852,7.72,6673,-5.51,1407,-11.23,912,2.24,2547,25.47
"1988M03",179367,18.72,142272,21.23,...,...,...,...,93914,21.23,19745,5.36,10217,12.23,2149,3.52,1776,18.16,3208,38.93
"1988M04",159787,11.73,123220,14.37,...,...,...,...,74374,34.14,19535,-2.51,10184,11.05,2134,10.51,1505,2.59,3209,20.23
"1988M05",158482,12.01,121442,15.10,...,...,...,...,72786,21.62,20309,-1.25,9735,8.72,1983,-12.68,1425,9.53,3588,24.20
"1988M06",163099,6.78,125113,15.68,...,...,...,...,75630,24.44,23026,-20.01,8550,-5.05,1813,-11.47,1381,-2.33,3216,-3.28
"1988M07",159230,9.86,120924,12.84,...,...,...,...,67217,10.38,23123,-3.31,8124,10.70,1660,-1.01,1270,-6.55,4129,18.31
"1988M08",154670,7.92,122915,10.14,...,...,...,...,69197,4.29,19167,0.52,7346,9.23,1736,6.77,1503,31.38,2003,-36.53
"1988M09",142444,6.88,112722,11.76,...,...,...,...,69214,14.32,16480,-7.47,7906,-2.84,1867,3.09,1337,-13.96,2132,-31.29
"1988M10",179267,6.42,132130,8.02,...,...,...,...,72780,8.35,26450,3.18,14010,10.86,2360,7.18,1788,5.49,2529,-36.14
"1988M11",182067,10.99,141186,11.91,...,...,...,...,88250,5.65,22753,10.36,12463,11.04,2089,11.65,1648,19.68,1928,-30.99
"1988M12",158073,10.23,125654,13.54,...,...,...,...,74286,11.07,21446,5.68,6047,0.20,1862,18.15,1382,1.17,1682,-51.39
"1989M01",174795,15.64,139252,19.15,...,...,...,...,91449,14.71,21545,7.85,8475,4.98,2133,18.24,1160,-10.56,2230,-28.69
"1989M02",151414,2.66,120805,0.58,...,...,...,...,72820,-1.90,15732,-0.76,7243,8.54,1575,11.94,1056,15.79,5003,96.43
"1989M03",189039,5.39,151528,6.51,...,...,...,...,99754,6.22,20510,3.87,9823,-3.86,2299,6.98,1473,-17.06,3406,6.17
"1989M04",164125,2.71,124656,1.17,...,...,...,...,75204,1.12,21393,9.51,12182,19.62,2333,9.33,1217,-19.14,2344,-26.96
"1989M05",161782,2.08,125587,3.41,...,...,...,...,78903,8.40,20994,3.37,9452,-2.91,2129,7.36,1152,-19.16,2468,-31.22
"1989M06",171655,5.25,131069,4.76,...,...,...,...,83662,10.62,25292,9.84,8713,1.91,2137,17.87,1213,-12.17,3231,0.47
"1989M07",153117,-3.84,115632,-4.38,...,...,...,...,66312,-1.35,22399,-3.13,7915,-2.57,1702,2.53,893,-29.69,4576,10.83
"1989M08",159067,2.84,126536,2.95,...,...,...,...,72535,4.82,18825,-1.78,7749,5.49,1617,-6.85,1011,-32.73,3329,66.20
"1989M09",155715,9.32,122261,8.46,...,...,...,...,74868,8.17,19038,15.52,8241,4.24,1991,6.64,1289,-3.59,2895,35.79
"1989M10",178058,-0.67,134353,1.68,...,...,...,...,76734,5.43,23806,-10.00,13736,-1.96,2173,-7.92,1498,-16.22,2492,-1.46
"1989M11",188755,3.67,150736,6.76,...,...,...,...,98385,11.48,21211,-6.78,11522,-7.55,2200,5.31,1188,-27.91,1898,-1.56
"1989M12",156604,-0.93,123438,-1.76,...,...,...,...,74005,-0.38,21159,-1.34,6222,2.89,1987,6.71,1237,-10.49,2561,52.26
"1990M01",168870,-3.39,135540,-2.67,...,...,...,...,79911,-12.62,20836,-3.29,7087,-16.38,1885,-11.63,842,-27.41,2680,20.18
"1990M02",171586,13.32,139005,15.07,...,...,...,...,90282,23.98,17981,14.30,8770,21.08,1763,11.94,854,-19.13,3213,-35.78
"1990M03",180514,-4.51,142312,-6.08,...,...,...,...,93299,-6.47,20782,1.33,11245,14.48,2395,4.18,1106,-24.92,2674,-21.49
"1990M04",165769,1.00,128509,3.09,...,...,...,...,78054,3.79,20704,-3.22,10768,-11.61,2091,-10.37,1051,-13.64,2646,12.88
"1990M05",162304,0.32,125004,-0.46,...,...,...,...,75430,-4.40,21646,3.11,9797,3.65,2095,-1.60,1121,-2.69,2641,7.01
"1990M06",163766,-4.60,125602,-4.17,...,...,...,...,79484,-4.99,24271,-4.04,8490,-2.56,1866,-12.68,983,-18.96,2554,-20.95
"1990M07",149175,-2.57,111529,-3.55,...,...,...,...,64632,-2.53,23399,4.46,8372,5.77,1593,-6.40,1033,15.68,3249,-29.00
"1990M08",147668,-7.17,113924,-9.97,...,...,...,...,65240,-10.06,20743,10.19,7655,-1.21,1592,-1.55,972,-3.86,2782,-16.43
"1990M09",143630,-7.76,111036,-9.18,...,...,...,...,67214,-10.22,18644,-2.07,8405,1.99,1750,-12.10,1170,-9.23,2625,-9.33
"1990M10",160483,-9.87,119260,-11.23,...,...,...,...,70445,-8.20,23223,-2.45,12589,-8.35,1836,-15.51,1372,-8.41,2203,-11.60
"1990M11",169117,-10.40,131193,-12.97,...,...,...,...,85027,-13.58,21239,0.13,11835,2.72,1673,-23.95,1351,13.72,1826,-3.79
"1990M12",151202,-3.45,117008,-5.21,...,...,...,...,68190,-7.86,22606,6.84,6459,3.81,2150,8.20,1058,-14.47,1921,-24.99
"1991M01",153350,-9.19,120698,-10.95,...,...,...,...,74786,-6.41,19756,-5.18,8717,23.00,1867,-0.95,907,7.72,1405,-47.57
"1991M02",129385,-24.59,104404,-24.89,...,...,...,...,60385,-33.12,15497,-13.81,5876,-33.00,1203,-31.76,584,-31.62,1821,-43.32
"1991M03",148433,-17.77,113621,-20.16,...,...,...,...,66010,-29.25,20239,-2.61,9953,-11.49,1968,-17.83,1099,-0.63,1553,-41.92
"1991M04",146256,-11.77,108989,-15.19,...,...,...,...,61563,-21.13,21324,2.99,11866,10.20,1823,-12.82,1160,10.37,1094,-58.65
"1991M05",151597,-6.60,115087,-7.93,...,...,...,...,67340,-10.73,22186,2.49,10006,2.13,1891,-9.74,1207,7.67,1220,-53.81
"1991M06",156614,-4.37,116707,-7.08,...,...,...,...,73976,-6.93,26657,9.83,9229,8.70,1904,2.04,913,-7.12,1204,-52.86
"1991M07",152130,1.98,112165,0.57,...,...,...,...,62280,-3.64,26667,13.97,8696,3.87,1710,7.34,1180,14.23,1712,-47.31
"1991M08",151245,2.42,117879,3.47,...,...,...,...,63524,-2.63,21716,4.69,7495,-2.09,1818,14.20,875,-9.98,1462,-47.45
"1991M09",151712,5.63,115281,3.82,...,...,...,...,69314,3.12,23214,24.51,8969,6.71,1840,5.14,1187,1.45,1221,-53.49
"1991M10",181983,13.40,134733,12.97,...,...,...,...,76996,9.30,27452,18.21,14866,18.09,2320,26.36,1481,7.94,1131,-48.66
"1991M11",171607,1.47,132766,1.20,...,...,...,...,83691,-1.57,22839,7.53,11784,-0.43,2113,26.30,1273,-5.77,832,-54.44
"1991M12",160194,5.95,122708,4.87,...,...,...,...,73759,8.17,25802,14.14,6942,7.48,2391,11.21,1154,9.07,1197,-37.69
"1992M01",161946,5.61,124318,3.00,...,...,...,...,75819,1.38,24952,26.30,8702,-0.17,2025,8.46,910,0.33,1039,-26.05
"1992M02",161692,24.97,130006,24.52,...,...,...,...,75425,24.91,20345,31.28,8082,37.54,1684,39.98,792,35.62,783,-57.00
"1992M03",174511,17.57,134263,18.17,...,...,...,...,83558,26.58,23577,16.49,12333,23.91,2346,19.21,1197,8.92,795,-48.81
"1992M04",169421,15.84,128013,17.45,...,...,...,...,67817,10.16,25152,17.95,12104,2.01,2236,22.65,1067,-8.02,849,-22.39
"1992M05",154837,2.14,114434,-0.57,...,...,...,...,63852,-5.18,25167,13.44,11271,12.64,2066,9.25,1038,-14.00,861,-29.43
"1992M06",168815,7.79,128886,10.44,...,...,...,...,71860,-2.86,26761,0.39,9422,2.09,2029,6.57,763,-16.43,954,-20.76
"1992M07",150458,-1.10,111848,-0.28,...,...,...,...,57073,-8.36,26127,-2.02,8671,-0.29,1879,9.88,775,-34.32,1158,-32.36
"1992M08",152095,0.56,117678,-0.17,...,...,...,...,57196,-9.96,22491,3.57,8073,7.71,1884,3.63,888,1.49,1081,-26.06
"1992M09",132453,-12.69,99098,-14.04,...,...,...,...,56354,-18.70,21027,-9.42,8469,-5.57,2074,12.72,863,-27.30,922,-24.49
"1992M10",152687,-16.10,106489,-20.96,...,...,...,...,60427,-21.52,27191,-0.95,14342,-3.52,2323,0.13,1341,-9.45,1001,-11.49
"1992M11",149481,-12.89,109130,-17.80,...,...,...,...,68585,-18.05,24434,6.98,11934,1.27,2088,-1.18,950,-25.37,945,13.58
"1992M12",144931,-9.53,105511,-14.01,...,...,...,...,61913,-16.06,27408,6.22,7206,3.80,2666,11.50,905,-21.58,1235,3.17
"1993M01",133146,-17.78,97737,-21.38,...,...,...,...,54854,-27.65,24639,-1.25,7159,-17.73,1814,-10.42,661,-27.36,1136,9.34
"1993M02",152624,-5.61,117787,-9.40,...,...,...,...,68010,-9.83,21315,4.77,9881,22.26,1979,17.52,829,4.67,833,6.39
"1993M03",155154,-11.09,114632,-14.62,...,...,...,...,65875,-21.16,23916,1.44,12058,-2.23,2463,4.99,978,-18.30,1107,39.25
"1993M04",151414,-10.63,111027,-13.27,...,...,...,...,56115,-17.26,24926,-0.90,11217,-7.33,2207,-1.30,1070,0.28,967,13.90
"1993M05",153186,-1.07,112379,-1.80,...,...,...,...,57318,-10.23,26333,4.63,10181,-9.67,2201,6.53,1047,0.87,1045,21.37
"1993M06",158589,-6.06,118307,-8.21,...,...,...,...,58431,-18.69,27034,1.02,9021,-4.26,2082,2.61,926,21.36,1219,27.78
"1993M07",153211,1.83,111061,-0.70,...,...,...,...,51288,-10.14,28374,8.60,9689,11.74,1995,6.17,997,28.65,1095,-5.44
"1993M08",157150,3.32,119927,1.91,...,...,...,...,55669,-2.67,24733,9.97,8603,6.57,1893,0.48,861,-3.04,1133,4.81
"1993M09",138000,4.19,103944,4.89,...,...,...,...,47383,-15.92,21418,1.86,8930,5.44,1906,-8.10,833,-3.48,969,5.10
"1993M10",171336,12.21,123561,16.03,...,...,...,...,57925,-4.14,28338,4.22,14395,0.37,2567,10.50,1307,-2.54,1168,16.68
"1993M11",161101,7.77,119264,9.29,...,...,...,...,64688,-5.68,24398,-0.15,13308,11.51,2400,14.94,876,-7.79,855,-9.52
"1993M12",165303,14.06,123396,16.95,...,...,...,...,66088,6.74,29167,6.42,7523,4.40,2798,4.95,1026,13.37,1393,12.79
"1994M01",155972,17.14,116194,18.88,...,...,...,...,64404,17.41,25908,5.15,9938,38.82,2191,20.78,770,16.49,971,-14.52
"1994M02",168686,10.52,134256,13.98,...,...,...,...,66802,-1.78,22697,6.48,8334,-15.66,1642,-17.03,556,-32.93,1201,44.18
"1994M03",199956,28.88,155039,35.25,...,...,...,...,87172,32.33,27025,13.00,13132,8.91,2442,-0.85,1278,30.67,1040,-6.05
"1994M04",180807,19.41,134243,20.91,...,...,...,...,66478,18.47,27689,11.08,14006,24.86,2569,16.40,1190,11.21,1110,14.79
"1994M05",170043,11.00,126410,12.49,...,...,...,...,67366,17.53,28203,7.10,11230,10.30,2340,6.32,706,-32.57,1154,10.43
"1994M06",200433,26.39,152079,28.55,...,...,...,...,77864,33.26,32435,19.98,11303,25.30,2459,18.11,1056,14.04,1101,-9.68
"1994M07",161344,5.31,118605,6.79,...,...,...,...,56208,9.59,28628,0.90,10053,3.76,1907,-4.41,877,-12.04,1274,16.35
"1994M08",172735,9.92,135386,12.89,...,...,...,...,62801,12.81,24126,-2.45,9124,6.06,2023,6.87,800,-7.08,1276,12.62
"1994M09",159163,15.34,122573,17.92,...,...,...,...,59687,25.97,22635,5.68,9588,7.37,2489,30.59,774,-7.08,1104,13.93
"1994M10",182459,6.49,132329,7.10,...,...,...,...,63526,9.67,29123,2.77,15606,8.41,2452,-4.48,1165,-10.86,1784,52.74
"1994M11",190838,18.46,145113,21.67,...,...,...,...,78893,21.96,26181,7.31,14365,7.94,2737,14.04,998,13.93,1444,68.89
"1994M12",184813,11.80,139878,13.36,...,...,...,...,72681,9.98,30713,5.30,8387,11.48,3268,16.80,897,-12.57,1670,19.89
"1995M01",168140,7.80,125725,8.20,...,...,...,...,64239,-0.26,27543,6.31,10287,3.51,2267,3.47,758,-1.56,1560,60.66
"1995M02",189631,12.42,152241,13.40,...,...,...,...,67953,1.72,22669,-0.12,10711,28.52,1955,19.06,608,9.35,1447,20.48
"1995M03",196661,-1.65,151672,-2.17,...,...,...,...,79606,-8.68,26810,-0.80,13390,1.96,2681,9.79,903,-29.34,1205,15.87
"1995M04",187982,3.97,137953,2.76,...,...,...,...,63424,-4.59,30443,9.95,13909,-0.69,2771,7.86,1290,8.40,1616,45.59
"1995M05",185149,8.88,140653,11.27,...,...,...,...,70831,5.14,28336,0.47,11628,3.54,2469,5.51,838,18.70,1225,6.15
"1995M06",202946,1.25,155949,2.54,...,...,...,...,82846,6.40,30483,-6.02,11282,-0.19,3030,23.22,845,-19.98,1357,23.25
"1995M07",186855,15.81,142345,20.02,...,...,...,...,72203,28.46,29250,2.17,10763,7.06,2247,17.83,716,-18.36,1534,20.41
"1995M08",200677,16.18,159457,17.78,...,...,...,...,79075,25.91,25918,7.43,10685,17.11,2257,11.57,770,-3.75,1590,24.61
"1995M09",174890,9.88,138252,12.79,...,...,...,...,70394,17.94,22590,-0.20,10080,5.13,2208,-11.29,645,-16.67,1115,1.00
"1995M10",207850,13.92,156904,18.57,...,...,...,...,79029,24.40,28689,-1.49,16752,7.34,2899,18.23,1189,2.06,1417,-20.57
"1995M11",228808,19.90,179596,23.76,...,...,...,...,104159,32.03,28066,7.20,15708,9.35,3206,17.14,938,-6.01,1294,-10.39
"1995M12",202345,9.49,156205,11.67,...,...,...,...,80566,10.85,30374,-1.10,9522,13.53,3885,18.88,884,-1.45,1475,-11.68
"1996M01",187685,11.62,145500,15.73,...,...,...,...,78837,22.72,25768,-6.44,11650,13.25,2843,25.41,698,-7.92,1226,-21.41
"1996M02",189281,-0.18,151124,-0.73,...,...,...,...,78590,15.65,24402,7.64,9996,-6.68,1810,-7.42,421,-30.76,1528,5.60
"1996M03",200471,1.94,154554,1.90,...,...,...,...,87501,9.92,26487,-1.20,14319,6.94,2758,2.87,772,-14.51,1581,31.20
"1996M04",186943,-0.55,139346,1.01,...,...,...,...,68818,8.50,27719,-8.95,14890,7.05,2715,-2.02,934,-27.60,1339,-17.14
"1996M05",186763,0.87,141377,0.51,...,...,...,...,68449,-3.36,28641,1.08,12004,3.23,2362,-4.33,879,4.89,1500,22.45
"1996M06",205268,1.14,155887,-0.04,...,...,...,...,74030,-10.64,30354,-0.42,13697,21.41,2941,-2.94,946,11.95,1443,6.34
"1996M07",186054,-0.43,140944,-0.98,...,...,...,...,68221,-5.52,29011,-0.82,11432,6.22,2397,6.68,722,0.84,1548,0.91
"1996M08",197739,-1.46,156924,-1.59,...,...,...,...,73298,-7.31,25802,-0.45,10697,0.11,2051,-9.13,694,-9.87,1571,-1.19
"1996M09",184081,5.26,143139,3.53,...,...,...,...,74812,6.28,25286,11.93,10980,8.93,2597,17.62,712,10.39,1367,22.60
"1996M10",213496,2.72,158699,1.14,...,...,...,...,73585,-6.89,31570,10.04,17184,2.58,3248,12.04,1167,-1.85,1628,14.89
"1996M11",209681,-8.36,161036,-10.33,...,...,...,...,87409,-16.08,27935,-0.47,15132,-3.67,3276,2.18,1035,10.34,1267,-2.09
"1996M12",210759,4.16,163302,4.54,...,...,...,...,84340,4.68,30883,1.68,10513,10.41,3633,-6.49,849,-3.96,1579,7.05
"1997M01",194308,3.53,147250,1.20,...,...,...,...,78667,-0.22,30042,16.59,12064,3.55,3024,6.37,574,-17.77,1354,10.44
"1997M02",192192,1.54,154931,2.52,...,...,...,...,72237,-8.08,22980,-5.83,10080,0.84,2076,14.70,480,14.01,1645,7.66
"1997M03",227591,13.53,174469,12.89,...,...,...,...,90505,3.43,31453,18.75,16010,11.81,3084,11.82,902,16.84,1673,5.82
"1997M04",204237,9.25,151474,8.70,...,...,...,...,75998,10.43,30495,10.01,16699,12.15,3205,18.05,1010,8.14,1354,1.12
"1997M05",201588,7.94,153997,8.93,...,...,...,...,75295,10.00,30435,6.26,12389,3.21,2753,16.55,783,-10.92,1231,-17.93
"1997M06",206660,0.68,157313,0.91,...,...,...,...,76924,3.91,30567,0.70,13472,-1.64,2901,-1.36,846,-10.57,1561,8.18
"1997M07",181558,-2.42,135186,-4.09,...,...,...,...,67411,-1.19,29574,1.94,11709,2.42,2507,4.59,647,-10.39,1935,25.00
"1997M08",184514,-6.69,141362,-9.92,...,...,...,...,68066,-7.14,26867,4.13,11523,7.72,2404,17.21,625,-9.94,1733,10.31
"1997M09",180176,-2.12,138865,-2.99,...,...,...,...,70068,-6.34,25341,0.22,11229,2.27,2659,2.39,654,-8.15,1428,4.46
"1997M10",205094,-3.94,149796,-5.61,...,...,...,...,72214,-1.86,31043,-1.67,18209,5.96,3130,-3.63,1109,-4.97,1807,11.00
"1997M11",198492,-5.34,148936,-7.51,...,...,...,...,81221,-7.08,28965,3.69,15159,0.18,3248,-0.85,791,-23.57,1393,9.94
"1997M12",195822,-7.09,146896,-10.05,...,...,...,...,76921,-8.80,32287,4.55,10528,0.14,3834,5.53,716,-15.67,1561,-1.14
"1998M01",169908,-12.56,124638,-15.36,...,...,...,...,59631,-24.20,29486,-1.85,10933,-9.37,2875,-4.93,446,-22.30,1530,13.00
"1998M02",184967,-3.76,143094,-7.64,...,...,...,...,68495,-5.18,24826,8.03,12203,21.06,2450,18.02,525,9.38,1869,13.62
"1998M03",196555,-13.64,144071,-17.42,...,...,...,...,73682,-18.59,30295,-3.68,16970,6.00,2995,-2.89,703,-22.06,1521,-9.09
"1998M04",195763,-4.15,141621,-6.50,...,...,...,...,59624,-21.55,33267,9.09,15104,-9.55,3220,0.47,902,-10.69,1649,21.79
"1998M05",186656,-7.41,135455,-12.04,...,...,...,...,61737,-18.01,32782,7.71,13252,6.97,2812,2.14,746,-4.73,1609,30.71
"1998M06",190032,-8.05,141527,-10.03,...,...,...,...,64870,-15.67,30267,-0.98,12950,-3.87,2981,2.76,683,-19.27,1624,4.04
"1998M07",176031,-3.04,131416,-2.79,...,...,...,...,64507,-4.31,28142,-4.84,11711,0.02,2481,-1.04,559,-13.60,1722,-11.01
"1998M08",189541,2.72,147218,4.14,...,...,...,...,74193,9.00,26142,-2.70,11406,-1.02,2531,5.28,562,-10.08,1682,-2.94
"1998M09",182784,1.45,142481,2.60,...,...,...,...,70152,0.12,23937,-5.54,11590,3.21,2790,4.93,576,-11.93,1410,-1.26
"1998M10",207719,1.28,151635,1.23,...,...,...,...,68665,-4.91,31745,2.26,18268,0.32,3226,3.07,1076,-2.98,1769,-2.10
"1998M11",203103,2.32,153347,2.96,...,...,...,...,79908,-1.62,29885,3.18,14637,-3.44,2992,-7.88,665,-15.93,1577,13.21
"1998M12",215647,10.12,164418,11.93,...,...,...,...,81168,5.52,34562,7.05,11253,6.89,3244,-15.39,596,-16.76,1574,0.83
"1999M01",192584,13.35,146570,17.60,...,...,...,...,73299,22.92,28540,-3.21,12404,13.45,2986,3.86,501,12.33,1583,3.46
"1999M02",198321,7.22,155807,8.88,...,...,...,...,70198,2.49,26683,7.48,10771,-11.73,2298,-6.20,527,0.38,2235,19.58
"1999M03",238957,21.57,183323,27.24,...,...,...,...,94652,28.46,32726,8.02,16153,-4.81,3345,11.69,824,17.21,2586,70.02
"1999M04",215189,9.92,157019,10.87,...,...,...,...,66560,11.63,33510,0.73,17766,17.62,3500,8.70,869,-3.66,2525,53.12
"1999M05",215457,15.43,163081,20.39,...,...,...,...,71592,15.96,32320,-1.41,13738,3.67,3144,11.81,847,13.54,2327,44.62
"1999M06",221403,16.51,168607,19.13,...,...,...,...,75573,16.50,33167,9.58,13731,6.03,3059,2.62,562,-17.72,2277,40.21
"1999M07",219392,24.63,165528,25.96,...,...,...,...,74721,15.83,33595,19.38,13753,17.44,3257,31.28,610,9.12,2649,53.83
"1999M08",220195,16.17,171741,16.66,...,...,...,...,82425,11.10,29669,13.49,12763,11.90,2780,9.84,613,9.07,2629,56.30
"1999M09",179392,-1.86,137899,-3.22,...,...,...,...,64749,-7.70,25141,5.03,10578,-8.73,2736,-1.94,513,-10.94,2525,79.08
"1999M10",162282,-21.87,111843,-26.24,...,...,...,...,44805,-34.75,28878,-9.03,15577,-14.73,2884,-10.60,798,-25.84,2302,30.13
"1999M11",175481,-13.60,125013,-18.48,...,...,...,...,53726,-32.77,29956,0.24,14588,-0.33,3101,3.64,795,19.55,2028,28.60
"1999M12",172595,-19.96,126648,-22.97,...,...,...,...,53922,-33.57,30557,-11.59,9986,-11.26,2785,-14.15,496,-16.78,2123,34.88
"2000M01",180922,-6.06,130132,-11.22,21209,...,...,...,56008,-23.59,31786,11.37,12892,3.93,3373,12.96,545,8.78,2194,38.60
"2000M02",190108,-4.14,146095,-6.23,28259,...,...,...,61878,-11.85,27706,3.83,10729,-0.39,2594,12.88,528,0.19,2456,9.89
"2000M03",223654,-6.40,165298,-9.83,26502,...,...,...,78422,-17.15,37388,14.25,14577,-9.76,3340,-0.15,726,-11.89,2325,-10.09
"2000M04",217576,1.11,157447,0.27,32962,...,...,...,64682,-2.82,36781,9.76,16345,-8.00,3649,4.26,1107,27.39,2247,-11.01
"2000M05",216692,0.57,161859,-0.75,26517,...,...,...,72099,0.71,35205,8.93,13700,-0.28,3183,1.24,808,-4.60,1937,-16.76
"2000M06",225069,1.66,169188,0.34,33461,...,...,...,69804,-7.63,37288,12.43,12906,-6.01,3368,10.10,746,32.74,1573,-30.92
"2000M07",217302,-0.95,165041,-0.29,29772,...,...,...,76173,1.94,34418,2.45,12840,-6.64,2903,-10.87,645,5.74,1455,-45.07
"2000M08",220227,0.01,171903,0.09,33131,...,...,...,80634,-2.17,31547,6.33,11695,-8.37,2794,0.50,697,13.70,1591,-39.48
"2000M09",221504,23.47,174840,26.79,33689,...,...,...,83661,29.21,29649,17.93,11923,12.72,2977,8.81,696,35.67,1419,-43.80
"2000M10",249352,53.65,187015,67.21,34118,...,...,...,89841,100.52,37178,28.74,18624,19.56,3568,23.72,1030,29.07,1937,-15.86
"2000M11",232810,32.67,180663,44.52,27857,...,...,...,96302,79.25,32639,8.96,14468,-0.82,3100,-0.03,624,-21.51,1316,-35.11
"2000M12",228821,32.58,175034,38.21,33831,...,...,...,86797,60.97,37996,24.34,10313,3.27,3380,21.36,635,28.02,1463,-31.09
"2001M01",212103,17.23,165137,26.90,27638,30.31,18217,...,72705,29.81,31943,0.49,10804,-16.20,3196,-5.25,586,7.52,437,-80.08
"2001M02",246509,29.67,200471,37.22,27755,-1.78,15890,...,102187,65.14,29649,7.01,12292,14.57,2797,7.83,827,56.63,473,-80.74
"2001M03",266176,19.01,211277,27.82,38222,44.22,18480,...,102385,30.56,34736,-7.09,15310,5.03,3363,0.69,872,20.11,618,-73.42
"2001M04",247999,13.98,190818,21.20,40011,21.39,17628,...,79962,23.62,38318,4.18,13994,-14.38,3371,-7.62,898,-18.88,600,-73.30
"2001M05",240696,11.08,188003,16.15,30193,13.86,17132,...,84574,17.30,35789,1.66,12656,-7.62,2994,-5.94,699,-13.49,555,-71.35
"2001M06",253597,12.68,193325,14.27,40803,21.94,17638,...,79456,13.83,42550,14.11,13010,0.81,3169,-5.91,879,17.83,664,-57.79
"2001M07",232608,7.04,181532,9.99,32562,9.37,17984,...,84373,10.76,34404,-0.04,12485,-2.76,2897,-0.21,658,2.02,632,-56.56
"2001M08",240704,9.30,194662,13.24,41229,24.44,20279,...,85968,6.62,31855,0.98,10374,-11.30,2632,-5.80,728,4.45,453,-71.53
"2001M09",216500,-2.26,176904,1.18,38500,14.28,15749,...,76455,-8.61,23938,-19.26,10364,-13.08,3003,0.87,747,7.33,1544,8.81
"2001M10",213603,-14.34,166388,-11.03,36309,6.42,16452,...,67125,-25.28,27911,-24.93,14689,-21.13,3183,-10.79,741,-28.06,691,-64.33
"2001M11",217828,-6.44,168588,-6.68,36796,32.09,17644,...,68589,-28.78,31004,-5.01,12783,-11.65,3558,14.77,671,7.53,1224,-6.99
"2001M12",242712,6.07,187251,6.98,45146,33.45,17957,...,72971,-15.93,40230,5.88,9808,-4.90,4199,24.23,566,-10.87,658,-55.02
"2002M01",217600,2.59,168180,1.84,28065,1.54,17607,-3.35,75038,3.21,33423,4.63,11590,7.28,3405,6.54,557,-4.95,445,1.83
"2002M02",233896,-5.12,187889,-6.28,40706,46.66,19783,24.50,75780,-25.84,32150,8.44,9898,-19.48,2672,-4.47,714,-13.66,573,21.14
"2002M03",281522,5.77,221470,4.82,47649,24.66,20411,10.45,96509,-5.74,40687,17.13,14111,-7.83,3880,15.37,827,-5.16,547,-11.49
"2002M04",245759,-0.90,188389,-1.27,33226,-16.96,20459,16.06,77016,-3.68,37066,-3.27,15126,8.09,3624,7.51,811,-9.69,743,23.83
"2002M05",243941,1.35,189585,0.84,37240,23.34,18162,6.01,77518,-8.34,38961,8.86,10836,-14.38,3183,6.31,656,-6.15,720,29.73
"2002M06",241378,-4.82,183657,-5.00,31984,-21.61,19980,13.28,73144,-7.94,40235,-5.44,12302,-5.44,3271,3.22,963,9.56,950,43.07
"2002M07",234596,0.85,180947,-0.32,35163,7.99,20119,11.87,73287,-13.14,36937,7.36,12156,-2.64,3055,5.45,745,13.22,756,19.62
"2002M08",246079,2.23,197168,1.29,43837,6.33,20995,3.53,82874,-3.60,32992,3.57,11279,8.72,2870,9.04,889,22.12,881,94.48
"2002M09",233613,7.90,188795,6.72,32863,-14.64,18717,18.85,88200,15.36,29336,22.55,11003,6.17,3215,7.06,677,-9.37,587,-61.98
"2002M10",258360,20.95,199554,19.93,39078,7.63,17611,7.04,88735,32.19,36594,31.11,16387,11.56,3605,13.26,936,26.32,1284,85.82
"2002M11",255645,17.36,200753,19.08,38358,4.25,18718,6.09,94005,37.06,35719,15.21,13626,6.59,3678,3.37,671,0.00,1198,-2.12
"2002M12",285303,17.55,224830,20.07,48385,7.17,20721,15.39,96391,32.09,42978,6.83,10483,6.88,4765,13.48,809,42.93,1438,118.54
"2003M01",238031,9.39,186214,10.72,30781,9.68,20391,15.81,86792,15.66,35660,6.69,11381,-1.80,3574,4.96,627,12.57,575,29.21
"2003M02",259966,11.15,216975,15.48,44667,9.73,20669,4.48,90442,19.35,27628,-14.07,11117,12.32,2956,10.63,901,26.19,389,-32.11
"2003M03",258128,-8.31,209129,-5.57,36111,-24.21,22179,8.66,96960,0.47,30471,-25.11,13992,-0.84,3212,-17.22,790,-4.47,534,-2.38
"2003M04",110640,-54.98,91084,-51.65,14450,-56.51,14132,-30.93,33558,-56.43,12296,-66.83,5277,-65.11,1344,-62.91,351,-56.72,288,-61.24
"2003M05",40256,-83.50,31821,-83.22,804,-97.84,5631,-69.00,7615,-90.18,4669,-88.02,2124,-80.40,597,-81.24,204,-68.90,841,16.81
"2003M06",57131,-76.33,44178,-75.95,2591,-91.90,8614,-56.89,8472,-88.42,8915,-77.84,2749,-77.65,790,-75.85,293,-69.57,206,-78.32
"2003M07",154174,-34.28,119651,-33.88,25538,-27.37,17386,-13.58,34414,-53.04,23436,-36.55,7879,-35.18,2118,-30.67,510,-31.54,580,-23.28
"2003M08",200614,-18.48,154365,-21.71,35717,-18.52,19507,-7.09,48488,-41.49,31878,-3.38,10112,-10.35,2765,-3.66,926,4.16,568,-35.53
"2003M09",218594,-6.43,168984,-10.49,31267,-4.86,20192,7.88,59157,-32.93,31209,6.38,13034,18.46,3733,16.11,755,11.52,879,49.74
"2003M10",223552,-13.47,167792,-15.92,31191,-20.18,20302,15.28,58099,-34.53,34864,-4.73,15374,-6.18,3758,4.24,846,-9.62,918,-28.50
"2003M11",241349,-5.59,187225,-6.74,30801,-19.70,22175,18.47,65781,-30.02,34724,-2.79,14676,7.71,3441,-6.44,579,-13.71,704,-41.24
"2003M12",245682,-13.89,190222,-15.39,39260,-18.86,21685,4.65,67275,-30.21,38971,-9.32,11128,6.15,4042,-15.17,741,-8.41,578,-59.81
"2004M01",212854,-10.58,162754,-12.60,31953,3.81,21783,6.83,53350,-38.53,34311,-3.78,10673,-6.22,3832,7.22,764,21.85,520,-9.57
"2004M02",221020,-14.98,172101,-20.68,29326,-34.35,21178,2.46,61006,-32.55,31320,13.36,12814,15.26,3295,11.47,886,-1.66,604,55.27
"2004M03",239575,-7.19,179306,-14.26,31493,-12.79,17969,-18.98,67512,-30.37,38548,26.51,15807,12.97,4248,32.25,934,18.23,732,37.08
"2004M04",229061,107.03,174958,92.08,35575,146.19,17178,21.55,59871,78.41,36222,194.58,13315,152.32,3606,168.30,701,99.72,259,-10.07
"2004M05",232293,477.04,175473,451.44,31140,3773.13,15437,174.14,67476,786.09,37825,710.13,13779,548.73,4074,582.41,861,322.06,281,-66.59
"2004M06",258861,353.10,196396,344.56,41792,1512.97,16888,96.05,71116,739.42,43016,382.51,14003,409.39,4323,447.22,842,187.37,281,36.41
"2004M07",243396,57.87,183995,53.78,37199,45.66,17996,3.51,71843,108.76,40241,71.71,13846,75.73,4336,104.72,764,49.80,214,-63.10
"2004M08",253544,26.38,200468,29.87,42699,19.55,20027,2.67,78056,60.98,34793,9.14,12848,27.06,4215,52.44,924,-0.22,296,-47.89
"2004M09",245915,12.50,196024,16.00,34255,9.56,16630,-17.64,87635,48.14,31560,1.12,12655,-2.91,4672,25.15,745,-1.32,259,-70.53
"2004M10",266590,19.25,205679,22.58,35728,14.55,17908,-11.79,89145,53.44,37879,8.65,17379,13.04,4466,18.84,861,1.77,326,-64.49
"2004M11",270553,12.10,212875,13.70,28813,-6.45,18712,-15.62,92944,41.29,36498,5.11,16007,9.07,4228,22.87,725,25.22,220,-68.75
"2004M12",276680,12.62,215895,13.50,37114,-5.47,18542,-14.49,87357,29.85,42315,8.58,11819,6.21,5663,40.10,748,0.94,240,-58.48
"2005M01",244252,14.75,189790,16.61,23422,-26.70,12200,-43.99,88570,66.02,34928,1.80,13446,25.98,4943,28.99,700,-8.38,445,-14.42
"2005M02",257340,16.43,206343,19.90,39945,36.21,13491,-36.30,82041,34.48,33144,5.82,12133,-5.31,3714,12.72,1002,13.09,1004,66.23
"2005M03",298282,24.50,234453,30.76,41747,32.56,15455,-13.99,103305,53.02,40942,6.21,16914,7.00,4451,4.78,896,-4.07,626,-14.48
"2005M04",269513,17.66,211005,20.60,30623,-13.92,15081,-12.21,88510,47.83,38338,5.84,14942,12.22,4176,15.81,752,7.28,300,15.83
"2005M05",284049,22.28,221646,26.31,37458,20.29,15358,-0.51,89398,32.49,40695,7.59,15816,14.78,4660,14.38,941,9.29,291,3.56
"2005M06",293044,13.21,231116,17.68,38318,-8.31,16383,-2.99,95381,34.12,42491,-1.22,13699,-2.17,4839,11.94,655,-22.21,244,-13.17
"2005M07",268269,10.22,208262,13.19,38527,3.57,18255,1.44,82226,14.45,39769,-1.17,14430,4.22,4913,13.31,683,-10.60,212,-0.93
"2005M08",281693,11.10,226913,13.19,43100,0.94,18400,-8.12,89116,14.17,36653,5.35,12594,-1.98,4420,4.86,859,-7.03,254,-14.19
"2005M09",270700,10.08,219746,12.10,32758,-4.37,19137,15.08,97970,11.79,32346,2.49,12986,2.62,4551,-2.59,679,-8.86,392,51.35
"2005M10",297454,11.58,235063,14.29,31015,-13.19,19263,7.57,103458,16.06,38777,2.37,18012,3.64,4577,2.49,766,-11.03,259,-20.55
"2005M11",302277,11.73,244595,14.90,32111,11.45,23414,25.13,108352,16.58,36576,0.21,15801,-1.29,4369,3.33,636,-12.28,300,36.36
"2005M12",311245,12.49,250065,15.83,43694,17.73,24816,33.84,96007,9.90,42497,0.43,11721,-0.83,6119,8.05,632,-15.51,211,-12.08
"2006M01",264347,8.23,208769,10.00,32414,38.39,20351,66.81,85523,-3.44,37122,6.28,12791,-4.87,4908,-0.71,599,-14.43,158,-64.49
"2006M02",286156,11.20,237875,15.28,34124,-14.57,21823,61.76,99506,21.29,30814,-7.03,12759,5.16,3582,-3.55,863,-13.87,263,-73.80
"2006M03",309381,3.72,247532,5.58,34443,-17.50,23092,49.41,109459,5.96,39218,-4.21,17376,2.73,4253,-4.45,818,-8.71,184,-70.61
"2006M04",290043,7.62,231946,9.92,42018,37.21,27266,80.80,84425,-4.62,37896,-1.15,14863,-0.53,4271,2.27,824,9.57,243,-19.00
"2006M05",283075,-0.34,227439,2.61,35820,-4.37,25546,66.34,90886,1.66,37913,-6.84,13345,-15.62,3466,-25.62,687,-26.99,225,-22.68
"2006M06",305127,4.12,239509,3.63,39995,4.38,24505,49.58,91676,-3.88,45559,7.22,14561,6.29,4401,-9.05,857,30.84,240,-1.64
"2006M07",270850,0.96,209930,0.80,38126,-1.04,25140,37.72,81029,-1.46,41727,4.92,13913,-3.58,4330,-11.87,694,1.61,256,20.75
"2006M08",292561,3.86,239745,5.66,44668,3.64,25845,40.46,98725,10.78,35255,-3.81,12737,1.14,3725,-15.72,808,-5.94,291,14.57
"2006M09",274118,1.26,225641,2.68,32095,-2.02,25725,34.43,102438,4.56,30541,-5.58,12996,0.08,4092,-10.09,650,-4.27,198,-49.49
"2006M10",301575,1.39,237827,1.18,28029,-9.63,25371,31.71,103465,0.01,40538,4.54,17421,-3.28,4630,1.16,787,2.74,372,43.63
"2006M11",318663,5.42,253885,3.80,28383,-11.61,28793,22.97,114547,5.72,40991,12.07,17970,13.73,4922,12.66,682,7.23,213,-29.00
"2006M12",323931,4.08,261822,4.70,41769,-4.41,26364,6.24,99810,3.96,43459,2.26,12045,2.76,5439,-11.11,642,1.58,524,148.34
"2007M01",274198,3.73,222329,6.50,23879,-26.33,20754,1.98,101563,18.76,32806,-11.63,13241,3.52,4902,-0.12,527,-12.02,393,148.73
"2007M02",261799,-8.51,208487,-12.35,35289,3.41,22745,4.22,84736,-14.84,34783,12.88,13065,2.40,3989,11.36,655,-24.10,820,211.79
"2007M03",345295,11.61,276797,11.82,36283,5.34,26359,14.15,120599,10.18,42515,8.41,19400,11.65,5079,19.42,831,1.59,673,265.76
"2007M04",316119,8.99,256163,10.44,49732,18.36,27521,0.94,89021,5.44,38127,0.61,15847,6.62,4843,13.39,882,7.04,257,5.76
"2007M05",294021,3.87,239073,5.12,39057,9.04,25930,1.50,90784,-0.11,36694,-3.22,13208,-1.03,4075,17.57,539,-21.54,432,92.00
"2007M06",320676,5.10,253652,5.90,49526,23.83,25568,4.34,92127,0.49,44711,-1.86,15714,7.92,5290,20.20,781,-8.87,528,120.00
"2007M07",285075,5.25,220765,5.16,42788,12.23,26380,4.93,81116,0.11,42574,2.03,15527,11.60,5254,21.34,594,-14.41,361,41.02
"2007M08",308481,5.44,252545,5.34,49586,11.01,27494,6.38,97795,-0.94,35960,2.00,13911,9.22,4765,27.92,715,-11.51,585,101.03
"2007M09",295594,7.83,242940,7.67,37729,17.55,24472,-4.87,101584,-0.83,31932,4.55,13824,6.37,5484,34.02,840,29.23,574,189.90
"2007M10",314519,4.29,245272,3.13,36549,30.40,25290,-0.32,99419,-3.91,42689,5.31,19163,10.00,5616,21.30,647,-17.79,1132,204.30
"2007M11",336370,5.56,271011,6.75,38047,34.05,27618,-4.08,106875,-6.70,39475,-3.70,18796,4.60,5030,2.19,677,-0.73,1381,548.36
"2007M12",363916,12.34,293635,12.15,52972,26.82,26645,1.07,100761,0.95,46730,7.53,14787,22.76,7475,37.43,919,43.15,370,-29.39
"2008M01",297442,8.48,237921,7.01,30088,26.00,22101,6.49,98392,-3.12,35897,9.42,15055,13.70,7071,44.25,616,16.89,882,124.43
"2008M02",315134,20.37,259572,24.50,50024,41.76,25639,12.72,92394,9.04,33465,-3.79,14736,12.79,5292,32.66,714,9.01,1355,65.24
"2008M03",342062,-0.94,268964,-2.83,56303,55.18,18811,-28.64,106520,-11.67,45198,6.31,19927,2.72,6024,18.61,700,-15.76,1249,85.59
"2008M04",302819,-4.21,240382,-6.16,43224,-13.09,20326,-26.14,82136,-7.73,37397,-1.91,17291,9.11,5574,15.09,814,-7.71,1361,429.57
"2008M05",314700,7.03,255690,6.95,55640,42.46,21940,-15.39,84643,-6.76,36906,0.58,14474,9.59,5016,23.09,621,15.21,1993,361.34
"2008M06",340454,6.17,270647,6.70,66323,33.92,22400,-12.39,86022,-6.63,44014,-1.56,18481,17.61,5354,1.21,877,12.29,1081,104.73
"2008M07",307287,7.79,241135,9.23,57273,33.85,30323,14.95,80201,-1.13,41946,-1.48,16851,8.53,5642,7.38,748,25.93,965,167.31
"2008M08",311587,1.01,254439,0.75,64182,29.44,29281,6.50,84168,-13.93,35391,-1.58,15350,10.34,4684,-1.70,853,19.30,870,48.72
"2008M09",307402,3.99,254142,4.61,46911,24.34,33251,35.87,90716,-10.70,30503,-4.48,15522,12.28,5786,5.51,639,-23.93,810,41.11
"2008M10",327038,3.98,258693,5.47,43030,17.73,34780,37.52,95234,-4.21,40047,-6.19,19453,1.51,5896,4.99,682,5.41,2267,100.27
"2008M11",327224,-2.72,260849,-3.75,43172,13.47,35238,27.59,96327,-9.87,38143,-3.37,19825,5.47,5508,9.50,602,-11.08,2297,66.33
"2008M12",352038,-3.26,283349,-3.50,62497,17.98,35114,31.78,89938,-10.74,42362,-9.35,13949,-5.67,6708,-10.26,633,-31.12,5037,1261.35
"2009M01",276896,-6.91,220888,-7.16,46545,54.70,43995,99.06,70119,-28.74,34339,-4.34,12801,-14.97,6477,-8.40,536,-12.99,1855,110.32
"2009M02",303302,-3.75,256861,-1.04,43211,-13.62,42248,64.78,99424,7.61,27079,-19.08,13362,-9.32,4475,-15.44,640,-10.36,885,-34.69
"2009M03",395201,15.53,330381,22.83,57071,1.36,87002,362.51,105350,-1.10,36590,-19.05,20265,1.70,5475,-9.11,644,-8.00,1846,47.80
"2009M04",448486,48.10,381334,58.64,87995,103.58,131464,546.78,79311,-3.44,38603,3.22,19729,14.10,6032,8.22,856,5.16,1932,41.95
"2009M05",366375,16.42,311236,21.72,62341,12.04,110244,402.48,69022,-18.46,34268,-7.15,13945,-3.65,4261,-15.05,498,-19.81,2167,8.73
"2009M06",321383,-5.60,257239,-4.95,61768,-6.87,57472,156.57,61728,-28.24,39935,-9.27,16526,-10.58,4892,-8.63,537,-38.77,2254,108.51
"2009M07",346718,12.83,279650,15.97,66898,16.81,70157,131.37,72655,-9.41,40603,-3.20,17696,5.01,4992,-11.52,762,1.87,3015,212.44
"2009M08",367491,17.94,308002,21.05,73055,13.82,80883,176.23,80533,-4.32,36711,3.73,15158,-1.25,4135,-11.72,720,-15.59,2765,217.82
"2009M09",340645,10.81,289601,13.95,45194,-3.66,64386,93.64,100173,10.42,28902,-5.25,15108,-2.67,4940,-14.62,567,-11.27,1527,88.52
"2009M10",368212,12.59,299686,15.85,53403,24.11,78175,124.77,87481,-8.14,40143,0.24,19453,0.00,6020,2.10,702,2.93,2208,-2.60
"2009M11",410489,25.45,343239,31.59,48758,12.94,113807,222.97,84765,-12.00,39521,3.61,18165,-8.37,5570,1.13,603,0.17,3391,47.63
"2009M12",449806,27.77,376967,33.04,72567,16.11,92290,162.83,90100,0.18,45342,7.03,14862,6.55,8904,32.74,670,5.85,3061,-39.23
"2010M01",345981,24.95,288410,30.57,37387,-19.68,86891,97.50,86214,22.95,34362,0.07,13854,8.23,6905,6.61,563,5.04,1887,1.73
"2010M02",387143,27.64,331342,29.00,63026,45.86,107628,154.75,73889,-25.68,34384,26.98,13726,2.72,5050,12.85,582,-9.06,2059,132.66
"2010M03",516512,30.70,437310,32.37,61024,6.93,149617,71.97,112231,6.53,45743,25.02,23785,17.37,6813,24.44,897,39.29,1964,6.39
"2010M04",506400,12.91,437183,14.65,70966,-19.35,180915,37.62,79593,0.36,41848,8.41,18476,-6.35,6388,5.90,895,4.56,1610,-16.67
"2010M05",505856,38.07,440400,41.50,67943,8.99,179394,62.72,85750,24.24,40651,18.63,16187,16.08,4826,13.26,566,13.65,3226,48.87
"2010M06",470447,46.38,403847,56.99,77918,26.15,135603,135.95,82806,34.15,44002,10.18,15534,-6.00,5244,7.20,589,9.68,1231,-45.39
"2010M07",427763,23.37,363983,30.16,72663,8.62,129160,84.10,78442,7.97,41154,1.36,15871,-10.31,5452,9.21,760,-0.26,543,-81.99
"2010M08",442235,20.34,383766,24.60,81600,11.70,118616,46.65,91613,13.76,36512,-0.54,15797,4.22,4631,12.00,802,11.39,727,-73.71
"2010M09",419389,23.12,359999,24.31,58967,30.48,105707,64.18,91782,-8.38,32905,13.85,15970,5.71,6265,26.82,659,16.23,3591,135.17
"2010M10",485959,31.98,412382,37.60,59884,12.14,150221,92.16,90904,3.91,41667,3.80,21516,10.61,6060,0.66,694,-1.14,3640,64.86
"2010M11",528998,28.87,462392,34.71,59404,21.83,165065,45.04,105534,24.50,38883,-1.61,18408,1.34,5664,1.69,506,-16.09,3145,-7.25
"2010M12",530594,17.96,462046,22.57,83580,15.18,121918,32.10,101395,12.54,42598,-6.05,14177,-4.61,8655,-2.80,741,10.60,2377,-22.35
"2011M01",400617,15.79,335643,16.38,42925,14.81,101354,16.64,101193,17.37,38676,12.55,15995,15.45,7056,2.19,754,33.93,2493,32.11
"2011M02",453468,17.13,392397,18.43,65581,4.05,115845,7.63,106970,44.77,35041,1.91,17057,24.27,5421,7.35,755,29.73,2797,35.84
"2011M03",518215,0.33,445301,1.83,58146,-4.72,153649,2.69,114352,1.89,43215,-5.53,20192,-15.11,5671,-16.76,673,-24.97,3163,61.05
"2011M04",550158,8.64,480332,9.87,86537,21.94,193457,6.93,86743,8.98,41474,-0.89,18078,-2.15,6722,5.23,777,-13.18,2775,72.36
"2011M05",470471,-7.00,403035,-8.48,55065,-18.95,150479,-16.12,87984,2.61,40690,0.10,17693,9.30,4638,-3.90,700,23.67,3715,15.16
"2011M06",462640,-1.66,394361,-2.35,74923,-3.84,114435,-15.61,91089,10.00,44017,0.03,15124,-2.64,4810,-8.28,617,4.75,3711,201.46
"2011M07",465656,8.86,396342,8.89,73782,1.54,135968,5.27,94009,19.85,43108,4.75,17667,11.32,5328,-2.27,769,1.18,2442,349.72
"2011M08",506898,14.62,444989,15.95,81056,-0.67,138673,16.91,117750,28.53,37379,2.37,16068,1.72,4089,-11.70,876,9.23,3497,381.02
"2011M09",460994,9.92,402802,11.89,55708,-5.53,122574,15.96,122908,33.91,33031,0.38,15490,-3.01,5546,-11.48,705,6.98,3420,-4.76
"2011M10",530430,9.15,452361,9.69,61633,2.92,163290,8.70,112450,23.70,45847,10.03,21403,-0.53,6357,4.90,881,26.95,3581,-1.62
"2011M11",619343,17.08,545816,18.04,65389,10.08,213144,29.13,130538,23.69,43257,11.25,21158,14.94,6302,11.26,679,34.19,2131,-32.24
"2011M12",648594,22.24,570831,23.54,97199,16.29,181317,48.72,128772,27.00,49401,15.97,16223,14.43,8600,-0.64,752,1.48,2787,17.25
"2012M01",460064,14.84,393696,17.30,64357,49.93,140432,38.56,93578,-7.53,40036,3.52,14891,-6.90,8125,15.15,646,-14.32,2670,7.10
"2012M02",525240,15.83,465474,18.62,56376,-14.04,163442,41.09,133793,25.08,33460,-4.51,16859,-1.16,6125,12.99,734,-2.78,2588,-7.47
"2012M03",693185,33.76,617585,38.69,81723,40.55,253205,64.79,152227,33.12,43150,-0.15,22908,13.45,6403,12.91,685,1.78,2454,-22.42
"2012M04",691086,25.62,619324,28.94,109590,26.64,278715,44.07,110313,27.17,41056,-1.01,18761,3.78,6647,-1.12,783,0.77,4515,62.70
"2012M05",599098,27.34,535590,32.89,74705,35.67,228607,51.92,116228,32.10,41289,1.47,15274,-13.67,4567,-1.53,565,-19.29,1813,-51.20
"2012M06",607778,31.37,530788,34.59,107986,44.13,199642,74.46,108434,19.04,48917,11.13,18559,22.71,5545,15.28,821,33.06,3148,-15.17
"2012M07",592449,27.23,522977,31.95,94150,27.61,235447,73.16,101333,7.79,42821,-0.67,17700,0.19,5254,-1.39,735,-4.42,2962,21.29
"2012M08",607122,19.77,547088,22.94,104590,29.03,205002,47.83,130982,11.24,37193,-0.50,16027,-0.26,4053,-0.88,697,-20.43,2064,-40.98
"2012M09",550901,19.50,489992,21.65,78714,41.30,185922,51.68,121459,-1.18,34332,3.94,16767,8.24,5937,7.05,882,25.11,2991,-12.54
"2012M10",610342,15.07,535571,18.39,71370,15.80,224872,37.71,117996,4.93,42161,-8.04,20625,-3.64,6540,2.88,735,-16.57,4710,31.53
"2012M11",671617,8.44,593166,8.68,74786,14.37,242967,13.99,125948,-3.52,45499,5.18,22737,7.46,6521,3.48,818,20.47,2876,34.96
"2012M12",702588,8.32,622433,9.04,98009,0.83,228175,25.84,120024,-6.79,47683,-3.48,16937,4.40,9697,12.76,764,1.60,5074,82.06
"2013M01",527096,14.57,463566,17.75,56650,-11.98,195388,39.13,108872,16.34,36033,-10.00,15495,4.06,7567,-6.87,574,-11.15,3861,44.61
"2013M02",572156,8.93,513221,10.26,83787,48.62,216021,32.17,103581,-22.58,34383,2.76,14653,-13.08,4992,-18.50,690,-5.99,4217,62.94
"2013M03",759233,9.53,674083,9.15,113443,38.81,269455,6.42,149824,-1.58,45771,6.07,23108,0.87,7061,10.28,807,17.81,8403,242.42
"2013M04",691501,0.06,618140,-0.19,84134,-23.23,298059,6.94,102742,-6.86,40533,-1.27,18596,-0.88,6461,-2.80,779,-0.51,6992,54.86
"2013M05",617943,3.15,548541,2.42,96701,29.44,217260,-4.96,103804,-10.69,40587,-1.70,15501,1.49,5010,9.70,535,-5.31,7769,328.52
"2013M06",637577,4.90,560105,5.52,123793,14.64,220894,10.65,91783,-15.36,45916,-6.13,18647,0.47,5686,2.54,802,-2.31,6421,103.97
"2013M07",635232,7.22,563990,7.84,107710,14.40,248683,5.62,100183,-1.13,40846,-4.61,18803,6.23,5065,-3.60,653,-11.16,...,...
"2013M08",686684,13.10,622338,13.75,121910,16.56,240490,17.31,128735,-1.72,37514,0.86,17068,6.50,4284,5.70,723,3.73,...,...
"2013M09",674072,22.36,609266,24.34,85808,9.01,270788,45.65,121895,0.36,35740,4.10,18343,9.40,6691,12.70,983,11.45,...,...
"2013M10",679028,11.25,597948,11.65,92095,29.04,221004,-1.72,128795,9.15,45381,7.64,21852,5.95,6688,2.26,719,-2.18,...,...
"2013M11",731430,8.91,649932,9.57,94945,26.96,236031,-2.85,138359,9.85,47419,4.22,22347,-1.72,6760,3.67,699,-14.55,...,...
"2013M12",804328,14.48,717656,15.30,122365,24.85,240629,5.46,142977,19.12,52323,9.73,18649,10.11,11457,18.15,831,8.77,...,...
"2014M01",667234,26.59,594946,28.34,73629,29.97,268861,37.60,113301,4.07,43128,19.69,18802,21.34,9661,27.67,600,4.53,...,...
"2014M02",758179,32.51,692769,34.98,91294,8.96,305390,41.37,136654,31.93,37495,9.05,20934,42.86,6068,21.55,841,21.88,...,...
"2014M03",880398,15.96,799901,18.67,98332,-13.32,361470,34.15,163458,9.10,48132,5.16,24299,5.15,7024,-0.52,911,12.89,...,...
"2014M04",891875,28.98,804704,30.18,146097,73.65,377197,26.55,116570,13.46,50935,25.66,24432,31.38,10729,66.06,967,24.13,...,...
"2014M05",817735,32.33,743670,35.57,116585,20.56,333845,53.66,133438,28.55,46862,15.46,19895,28.35,6383,27.41,664,24.11,...,...
"2014M06",805963,26.41,726843,29.77,133550,7.88,315166,42.68,119697,30.41,50903,10.86,20361,9.19,6184,8.76,842,4.99,...,...
"2014M07",808701,27.31,731632,29.72,132831,23.32,343709,38.21,117564,17.35,46526,13.91,20844,10.85,5953,17.53,669,2.45,...,...
"2014M08",812516,18.32,743222,19.42,147903,21.32,312549,29.96,148531,15.38,42020,12.01,20792,21.82,5200,21.38,1095,51.45,...,...
"2014M09",809562,20.10,739683,21.41,105865,23.37,341729,26.20,140574,15.32,40239,12.59,20877,13.81,7549,12.82,1101,12.00,...,...
"2014M10",846627,24.68,757389,26.66,95217,3.39,347778,57.36,141713,10.03,52211,15.05,27236,24.64,8821,31.89,773,7.51,...,...
"2014M11",859007,17.44,772617,18.88,99443,4.74,332517,40.88,152171,9.98,51869,9.38,26161,17.07,7456,10.30,688,-1.57,...,...
"2014M12",952407,18.41,862810,20.23,135024,10.35,346941,44.18,151119,5.69,55055,5.22,20247,8.57,12091,5.53,809,-2.65,...,...
"2015M01",752271,12.74,681757,14.59,74302,0.91,321458,19.56,121510,7.25,39772,-7.78,18600,-1.07,8509,-11.92,531,-11.50,...,...
"2015M02",817183,7.78,749797,8.23,97216,6.49,406239,33.02,104194,-23.75,41773,11.41,18669,-10.82,5883,-3.05,850,1.07,...,...
"2015M03",861592,-2.14,768761,-3.89,114473,16.41,279703,-22.62,167074,2.21,54365,12.95,28970,19.22,8172,16.34,1019,11.86,...,...
"2015M04",888011,-0.43,795549,-1.14,145479,-0.42,358798,-4.88,111026,-4.76,53360,4.76,27452,12.36,10454,-2.56,1004,3.83,...,...
"2015M05",866380,5.95,791943,6.49,124758,7.01,372766,11.66,124464,-6.73,47832,2.07,19885,-0.05,5812,-8.95,789,18.83,...,...
"2015M06",800147,-0.72,722097,-0.65,139920,4.77,308087,-2.25,118156,-1.29,50814,-0.17,20007,-1.74,6111,-1.18,766,-9.03,...,...
"2015M07",833239,3.03,757434,3.53,142515,7.29,352625,2.59,113133,-3.77,47581,2.27,21659,3.91,5616,-5.66,770,15.10,...,...
"2015M08",894258,10.06,822736,10.70,160829,8.74,367736,17.66,143540,-3.36,43444,3.39,21617,3.97,5328,2.46,1024,-6.48,...,...
"2015M09",837374,3.44,770089,4.11,118255,11.70,345243,1.03,145835,3.74,39199,-2.58,20392,-2.32,6653,-11.87,900,-18.26,...,...
"2015M10",926950,9.49,836726,10.48,113549,19.25,386663,11.18,149500,5.49,52751,1.03,27433,0.72,7870,-10.78,833,7.76,...,...
"2015M11",939483,9.37,847423,9.68,118026,18.69,357655,7.56,159431,4.77,56338,8.62,26789,2.40,7979,7.01,785,14.10,...,...
"2015M12",1022897,7.40,925247,7.24,164275,21.66,327129,-5.71,169366,12.07,60963,10.73,22562,11.43,12426,2.77,889,9.89,...,...
"2016M01",865930,15.11,786403,15.35,93448,25.77,366409,13.98,143078,17.75,47048,18.29,21940,17.96,9589,12.69,747,40.68,...,...
"2016M02",920155,12.60,846396,12.88,114431,17.71,405307,-0.23,132982,27.63,43661,4.52,22083,18.29,6274,6.65,952,12.00,...,...
"2016M03",1034730,20.10,935746,21.72,164894,44.05,363878,30.09,198744,18.96,57483,5.74,29398,1.48,8965,9.70,823,-19.23,...,...

"*年增率係以所取得資料之原始精確位數進行計算，與資料發布機關公布之結果-"
"容或有尾差。 "
"(http://win.dgbas.gov.tw/dgbas03/bs7/calendar/MetaQry.asp?QM=0&MetaId-"
"=732) more "
"(http://www.stat.gov.tw/lp.asp?CtNode=1829&CtUnit=690&BaseDSD=7&xq_xC-"
"at=10) 國情統計通報 "
"1.來臺旅客人數包括外籍來臺旅客人數及華僑來臺旅客人數。 "
"2.自2001年起，來臺旅客人數含大陸人士資料。 "

