"外匯匯率-美元兌新台幣遠期匯率-月 依 期間, 期限, 匯率 與 種類",,,,,,,,,,,,,,,,,,,,,,,,
http://statdb.dgbas.gov.tw/pxweb/dialog/..%5CDialog%5Cvarval.asp?ma=FM3202A1M&ti=%A5~%B6%D7%B2%CE%ADp-%A7Y%B4%C1%B6%D7%B2v-%A4%EB&path=../PXfile/FinancialStatistics/&lang=9&strList=L,,,,,,,,,,,,,,,,,,,,,,,,
 , 10天, , , , 30天, , , , 60天, , , , 90天, , , , 120天, , , , 180天, , , 
 , 買入匯率, , 賣出匯率, , 買入匯率, , 賣出匯率, , 買入匯率, , 賣出匯率, , 買入匯率, , 賣出匯率, , 買入匯率, , 賣出匯率, , 買入匯率, , 賣出匯率, 
 , 原始值, 年增率(%), 原始值, 年增率(%), 原始值, 年增率(%), 原始值, 年增率(%), 原始值, 年增率(%), 原始值, 年增率(%), 原始值, 年增率(%), 原始值, 年增率(%), 原始值, 年增率(%), 原始值, 年增率(%), 原始值, 年增率(%), 原始值, 年增率(%)
1997M01,27.4,0,27.515,0.16,27.4,0.04,27.515,0.27,27.395,0.09,27.505,0.42,27.39,0.15,27.505,0.53,27.39,0.22,27.505,0.67,27.39,0.29,27.505,0.82
1997M02,27.455,-0.09,27.615,-0.16,27.455,-0.05,27.615,-0.05,27.455,-0.02,27.625,0.02,27.475,-0.05,27.63,0.04,27.475,0.02,27.635,0.24,27.475,0.09,27.64,0.36
1997M03,27.512,-1.13,27.607,-1.11,27.515,-1.13,27.62,-1.05,27.525,-1.11,27.63,-1.07,27.53,-1.09,27.645,-1.09,27.535,-1.07,27.65,-1.05,27.545,-1.07,27.68,-1.08
1997M04,27.624,-1.82,27.716,-1.79,27.632,-1.83,27.728,-1.78,27.64,-1.81,27.75,-1.8,27.645,-1.79,27.76,-1.8,27.65,-1.77,27.77,-1.78,27.67,-1.77,27.79,-1.78
1997M05,27.812,-0.72,27.905,-0.65,27.805,-0.7,27.906,-0.63,27.795,-0.63,27.906,-0.61,27.795,-0.61,27.906,-0.54,27.79,-0.56,27.906,-0.49,27.78,-0.47,27.906,-0.42
1997M06,27.783,-1.18,27.885,-1.21,27.81,-1.32,27.935,-1.4,27.81,-1.33,27.95,-1.45,27.81,-1.37,27.95,-1.43,27.815,-1.33,27.955,-1.43,27.815,-1.31,27.955,-1.4
1997M07,28.578,-3.82,28.677,-3.83,28.595,-3.92,28.71,-3.95,28.63,-4.09,28.75,-4.12,28.67,-4.29,28.795,-4.29,28.69,-4.36,28.84,-4.42,28.73,-4.49,28.9,-4.64
1997M08,28.623,-4.2,28.73,-4.23,28.67,-4.36,28.79,-4.4,28.7,-4.49,28.85,-4.61,28.75,-4.66,28.91,-4.81,28.8,-4.83,28.96,-4.97,28.85,-4.99,29.07,-5.26
1997M09,28.556,-3.91,28.673,-3.97,28.586,-4.01,28.716,-4.09,28.631,-4.19,28.771,-4.28,28.681,-4.36,28.821,-4.44,28.701,-4.43,28.881,-4.64,28.791,-4.73,28.991,-4.94
1997M10,30.81,-10.73,31.117,-11.31,30.83,-10.78,31.15,-11.37,30.88,-10.96,31.23,-11.61,30.95,-11.16,31.32,-11.86,31,-11.31,31.43,-12.17,31.12,-11.65,31.55,-12.44
1997M11,31.97,-14.19,32.19,-14.46,32.01,-14.32,32.25,-14.62,32.08,-14.53,32.33,-14.85,32.2,-14.81,32.51,-15.27,32.24,-14.93,32.56,-15.4,32.36,-15.25,32.65,-15.64
1997M12,32.46,-15.49,32.703,-15.79,32.48,-15.58,32.73,-15.87,32.55,-15.76,32.89,-16.28,32.6,-15.89,32.94,-16.39,32.65,-16.02,33,-16.55,32.75,-16.27,33.14,-16.88
1998M01,33.823,-18.99,34.08,-19.26,33.87,-19.1,34.16,-19.45,33.94,-19.28,34.24,-19.67,34,-19.44,34.34,-19.9,34.05,-19.56,34.39,-20.02,34.2,-19.91,34.59,-20.48
1998M02,31.792,-13.64,32.037,-13.8,31.815,-13.7,32.07,-13.89,31.85,-13.8,32.13,-14.02,31.89,-13.84,32.2,-14.19,31.94,-13.98,32.26,-14.34,32.03,-14.22,32.37,-14.61
1998M03,32.69,-15.84,32.937,-16.18,32.71,-15.88,32.97,-16.23,32.75,-15.95,33.03,-16.35,32.77,-15.99,33.07,-16.4,32.8,-16.05,33.12,-16.52,32.88,-16.23,33.22,-16.68
1998M04,32.889,-16.01,33.053,-16.15,32.907,-16.03,33.08,-16.18,32.94,-16.09,33.125,-16.23,32.97,-16.15,33.17,-16.31,32.99,-16.19,33.21,-16.38,33.06,-16.3,33.28,-16.5
1998M05,33.9,-17.96,34.03,-18,33.93,-18.05,34.06,-18.07,33.97,-18.18,34.1,-18.16,34,-18.25,34.15,-18.28,34.03,-18.34,34.19,-18.38,34.1,-18.53,34.28,-18.59
1998M06,34.34,-19.09,34.46,-19.08,34.36,-19.06,34.5,-19.03,34.4,-19.16,34.55,-19.1,34.43,-19.23,34.59,-19.2,34.48,-19.33,34.64,-19.3,34.56,-19.52,34.73,-19.51
1998M07,34.32,-16.73,34.43,-16.71,34.347,-16.75,34.458,-16.68,34.387,-16.74,34.499,-16.66,34.407,-16.67,34.539,-16.63,34.443,-16.7,34.585,-16.61,34.517,-16.77,34.679,-16.66
1998M08,34.798,-17.75,34.914,-17.71,34.82,-17.66,34.934,-17.59,34.852,-17.65,34.964,-17.49,34.877,-17.57,35.006,-17.41,34.908,-17.5,35.052,-17.38,34.972,-17.51,35.146,-17.29
1998M09,34.367,-16.91,34.481,-16.84,34.389,-16.87,34.506,-16.78,34.422,-16.82,34.543,-16.71,34.452,-16.75,34.585,-16.67,34.485,-16.77,34.629,-16.6,34.552,-16.67,34.718,-16.5
1998M10,32.337,-4.72,32.458,-4.13,32.355,-4.71,32.467,-4.06,32.36,-4.57,32.48,-3.85,32.368,-4.38,32.495,-3.62,32.37,-4.23,32.523,-3.36,32.385,-3.91,32.58,-3.16
1998M11,32.376,-1.25,32.498,-0.95,32.37,-1.11,32.498,-0.76,32.36,-0.87,32.498,-0.52,32.365,-0.51,32.518,-0.02,32.37,-0.4,32.528,0.1,32.38,-0.06,32.548,0.31
1998M12,32.131,1.02,32.251,1.4,32.134,1.08,32.255,1.47,32.139,1.28,32.275,1.91,32.134,1.45,32.275,2.06,32.134,1.61,32.285,2.21,32.134,1.92,32.305,2.58
1999M01,32.268,4.82,32.372,5.28,32.288,4.9,32.352,5.59,32.288,5.12,32.352,5.84,32.288,5.3,32.352,6.14,32.289,5.45,32.363,6.26,32.303,5.87,32.377,6.84
1999M02,32.997,-3.65,33.129,-3.3,33.01,-3.62,33.109,-3.14,33,-3.48,33.109,-2.96,32.995,-3.35,33.109,-2.75,32.985,-3.17,33.115,-2.58,32.975,-2.87,33.119,-2.26
1999M03,33.081,-1.18,33.217,-0.84,33.072,-1.09,33.222,-0.76,33.062,-0.94,33.227,-0.59,33.062,-0.88,33.222,-0.46,33.059,-0.78,33.223,-0.31,33.047,-0.51,33.232,-0.04
1999M04,32.611,0.85,32.755,0.91,32.602,0.94,32.76,0.98,32.592,1.07,32.765,1.1,32.597,1.14,32.76,1.25,32.597,1.21,32.761,1.37,32.592,1.44,32.77,1.56
1999M05,32.666,3.78,32.798,3.76,32.654,3.91,32.805,3.83,32.639,4.08,32.81,3.93,32.639,4.17,32.813,4.07,32.638,4.26,32.815,4.19,32.629,4.51,32.817,4.46
1999M06,32.208,6.62,32.352,6.52,32.193,6.73,32.35,6.65,32.173,6.92,32.345,6.82,32.163,7.05,32.33,6.99,32.153,7.24,32.324,7.16,32.128,7.57,32.315,7.47
1999M07,32.083,6.97,32.223,6.85,32.071,7.1,32.231,6.91,32.056,7.27,32.236,7.02,32.051,7.35,32.231,7.16,32.04,7.5,32.224,7.33,32.011,7.83,32.211,7.66
1999M08,31.766,9.54,31.901,9.44,31.751,9.67,31.899,9.51,31.731,9.84,31.894,9.63,31.721,9.95,31.879,9.81,31.7,10.12,31.863,10.01,31.651,10.49,31.834,10.4
1999M09,31.707,8.39,31.837,8.3,31.688,8.52,31.835,8.39,31.668,8.7,31.825,8.54,31.648,8.86,31.805,8.74,31.62,9.06,31.785,8.95,31.563,9.47,31.745,9.37
1999M10,31.699,2.01,31.82,2.01,31.638,2.27,31.785,2.15,31.553,2.56,31.725,2.38,31.528,2.66,31.74,2.38,31.52,2.7,31.699,2.6,31.483,2.87,31.665,2.89
1999M11,31.551,2.61,31.704,2.5,31.532,2.66,31.695,2.53,31.502,2.72,31.7,2.52,31.492,2.77,31.655,2.73,31.469,2.86,31.645,2.79,31.422,3.05,31.625,2.92
1999M12,31.318,2.6,31.595,2.08,31.356,2.48,31.523,2.32,31.321,2.61,31.523,2.39,31.296,2.68,31.463,2.58,31.258,2.8,31.437,2.7,31.196,3.01,31.385,2.93
2000M01,30.602,5.44,30.757,5.25,30.575,5.6,30.735,5.26,30.535,5.74,30.695,5.4,30.475,5.95,30.67,5.48,30.439,6.08,30.634,5.64,30.38,6.33,30.565,5.93
2000M02,30.681,7.55,30.792,7.59,30.639,7.74,30.783,7.56,30.599,7.85,30.758,7.64,30.564,7.95,30.733,7.73,30.519,8.08,30.695,7.88,30.444,8.31,30.623,8.15
2000M03,30.436,8.69,30.557,8.71,30.397,8.8,30.545,8.76,30.362,8.89,30.515,8.89,30.317,9.05,30.485,8.98,30.271,9.21,30.449,9.11,30.192,9.46,30.38,9.39
2000M04,30.556,6.73,30.675,6.78,30.511,6.85,30.66,6.85,30.466,6.98,30.625,6.99,30.411,7.19,30.58,7.13,30.348,7.41,30.54,7.27,30.236,7.79,30.465,7.57
2000M05,30.71,6.37,30.839,6.35,30.658,6.51,30.82,6.44,30.603,6.65,30.78,6.6,30.548,6.84,30.73,6.78,30.492,7.04,30.69,6.92,30.393,7.36,30.615,7.19
2000M06,30.729,4.81,30.83,4.94,30.674,4.95,30.815,4.98,30.614,5.09,30.78,5.08,30.559,5.25,30.725,5.22,30.493,5.44,30.689,5.33,30.374,5.77,30.62,5.54
2000M07,30.988,3.53,31.108,3.58,30.936,3.67,31.089,3.67,30.881,3.8,31.049,3.82,30.826,3.97,30.994,3.99,30.765,4.14,30.956,4.1,30.656,4.42,30.884,4.3
2000M08,30.996,2.48,31.105,2.56,30.944,2.61,31.09,2.6,30.889,2.73,31.055,2.7,30.844,2.84,31.005,2.82,30.781,2.99,30.967,2.89,30.669,3.2,30.895,3.04
2000M09,31.25,1.46,31.36,1.52,31.198,1.57,31.348,1.55,31.143,1.69,31.318,1.62,31.103,1.75,31.268,1.72,31.057,1.81,31.233,1.77,30.978,1.89,31.168,1.85
2000M10,32.294,-1.84,32.431,-1.88,32.269,-1.96,32.42,-1.96,32.224,-2.08,32.405,-2.1,32.199,-2.08,32.38,-1.98,32.166,-2.01,32.36,-2.04,32.114,-1.96,32.325,-2.04
2000M11,32.956,-4.26,33.141,-4.34,32.951,-4.31,33.139,-4.36,32.936,-4.35,33.139,-4.34,32.906,-4.3,33.119,-4.42,32.873,-4.27,33.093,-4.38,32.821,-4.26,33.044,-4.29
2000M12,32.999,-5.09,33.144,-4.67,32.984,-4.94,33.145,-4.89,32.955,-4.96,33.15,-4.91,32.941,-4.99,33.13,-5.03,32.915,-5.03,33.107,-5.04,32.876,-5.11,33.065,-5.08
2001M01,32.267,-5.16,32.427,-5.15,32.258,-5.22,32.422,-5.2,32.238,-5.28,32.412,-5.3,32.223,-5.42,32.402,-5.35,32.208,-5.49,32.396,-5.44,32.193,-5.63,32.387,-5.63
2001M02,32.26,-4.89,32.422,-5.03,32.255,-5.01,32.417,-5.04,32.24,-5.09,32.407,-5.09,32.225,-5.15,32.397,-5.14,32.212,-5.26,32.387,-5.22,32.2,-5.45,32.372,-5.4
2001M03,32.724,-6.99,32.888,-7.09,32.715,-7.09,32.883,-7.11,32.695,-7.14,32.873,-7.17,32.685,-7.24,32.863,-7.24,32.672,-7.35,32.853,-7.32,32.66,-7.56,32.838,-7.49
2001M04,32.818,-6.89,32.958,-6.93,32.818,-7.03,32.959,-6.98,32.818,-7.17,32.959,-7.08,32.823,-7.35,32.959,-7.22,32.818,-7.53,32.959,-7.34,32.818,-7.87,32.965,-7.58
2001M05,33.88,-9.36,34.015,-9.34,33.88,-9.51,34.012,-9.38,33.88,-9.67,34.012,-9.5,33.885,-9.85,34.009,-9.64,33.875,-9.99,34.011,-9.76,33.865,-10.25,34.013,-9.99
2001M06,34.366,-10.58,34.518,-10.68,34.362,-10.73,34.515,-10.72,34.357,-10.89,34.515,-10.82,34.362,-11.07,34.515,-10.98,34.354,-11.24,34.511,-11.07,34.347,-11.57,34.511,-11.27
2001M07,34.659,-10.59,34.807,-10.63,34.655,-10.73,34.807,-10.68,34.65,-10.88,34.807,-10.8,34.65,-11.04,34.802,-10.94,34.632,-11.17,34.802,-11.05,34.605,-11.41,34.782,-11.21
2001M08,34.473,-10.09,34.591,-10.08,34.463,-10.21,34.591,-10.12,34.448,-10.33,34.591,-10.22,34.448,-10.46,34.586,-10.35,34.432,-10.6,34.588,-10.47,34.408,-10.87,34.591,-10.68
2001M09,34.471,-9.34,34.601,-9.37,34.467,-9.48,34.605,-9.41,34.462,-9.63,34.61,-9.51,34.462,-9.75,34.615,-9.67,34.452,-9.85,34.623,-9.79,34.442,-10.06,34.64,-10.02
2001M10,34.471,-6.31,34.604,-6.27,34.471,-6.39,34.608,-6.33,34.471,-6.52,34.613,-6.37,34.478,-6.62,34.618,-6.46,34.473,-6.69,34.624,-6.54,34.443,-6.76,34.638,-6.68
2001M11,34.409,-4.22,34.536,-4.04,34.404,-4.22,34.543,-4.06,34.409,-4.28,34.553,-4.09,34.414,-4.38,34.563,-4.18,34.409,-4.46,34.576,-4.29,34.409,-4.62,34.603,-4.51
2001M12,34.939,-5.55,35.066,-5.48,34.939,-5.6,35.08,-5.52,34.949,-5.71,35.1,-5.56,34.964,-5.79,35.12,-5.67,34.965,-5.86,35.135,-5.77,34.979,-6.01,35.165,-5.97
2002M01,34.9,-7.54,35.038,-7.45,34.9,-7.57,35.052,-7.5,34.91,-7.65,35.072,-7.58,34.93,-7.75,35.087,-7.65,34.926,-7.78,35.105,-7.72,34.93,-7.84,35.142,-7.84
2002M02,35.066,-8,35.191,-7.87,35.066,-8.02,35.205,-7.92,35.076,-8.09,35.225,-8,35.091,-8.17,35.235,-8.05,35.086,-8.19,35.248,-8.12,35.086,-8.23,35.275,-8.23
2002M03,34.948,-6.36,35.083,-6.26,34.948,-6.39,35.09,-6.29,34.948,-6.45,35.1,-6.34,34.948,-6.48,35.1,-6.37,34.948,-6.51,35.103,-6.41,34.928,-6.49,35.088,-6.41
2002M04,34.661,-5.32,34.787,-5.26,34.661,-5.32,34.797,-5.28,34.661,-5.32,34.812,-5.32,34.661,-5.3,34.812,-5.32,34.661,-5.32,34.841,-5.4,34.671,-5.34,34.82,-5.33
2002M05,34.078,-0.58,34.221,-0.6,34.074,-0.57,34.225,-0.62,34.069,-0.55,34.23,-0.64,34.069,-0.54,34.23,-0.65,34.061,-0.55,34.226,-0.63,34.044,-0.53,34.22,-0.6
2002M06,33.47,2.68,33.606,2.71,33.446,2.74,33.606,2.7,33.411,2.83,33.606,2.7,33.391,2.91,33.606,2.7,33.371,2.95,33.606,2.69,33.331,3.05,33.576,2.78
2002M07,33.712,2.81,33.858,2.8,33.712,2.8,33.865,2.78,33.712,2.78,33.875,2.75,33.712,2.78,33.875,2.74,33.689,2.8,33.855,2.8,33.642,2.86,33.855,2.74
2002M08,34.178,0.86,34.323,0.78,34.178,0.83,34.327,0.77,34.178,0.79,34.332,0.75,34.178,0.79,34.332,0.74,34.167,0.78,34.328,0.76,34.143,0.78,34.322,0.78
2002M09,34.882,-1.18,35.021,-1.2,34.878,-1.18,35.021,-1.19,34.873,-1.18,35.021,-1.17,34.868,-1.16,35.021,-1.16,34.865,-1.18,35.022,-1.14,34.858,-1.19,35.026,-1.1
2002M10,34.711,-0.69,34.848,-0.71,34.704,-0.67,34.848,-0.68,34.694,-0.65,34.848,-0.68,34.689,-0.6,34.843,-0.65,34.684,-0.61,34.838,-0.61,34.674,-0.67,34.838,-0.57
2002M11,34.759,-1.01,34.897,-1.03,34.752,-1,34.897,-1.01,34.742,-0.96,34.897,-0.99,34.737,-0.93,34.892,-0.94,34.731,-0.93,34.892,-0.91,34.717,-0.89,34.882,-0.8
2002M12,34.688,0.72,34.826,0.69,34.681,0.74,34.822,0.74,34.671,0.8,34.817,0.81,34.656,0.89,34.812,0.88,34.641,0.94,34.804,0.95,34.611,1.06,34.787,1.09
2003M01,34.615,0.82,34.772,0.76,34.605,0.85,34.762,0.83,34.59,0.93,34.747,0.94,34.57,1.04,34.737,1.01,34.555,1.07,34.724,1.1,34.525,1.17,34.697,1.28
2003M02,34.69,1.08,34.818,1.07,34.68,1.11,34.823,1.1,34.665,1.19,34.818,1.17,34.65,1.27,34.803,1.24,34.635,1.3,34.792,1.31,34.605,1.39,34.768,1.46
2003M03,34.68,0.77,34.819,0.76,34.67,0.8,34.819,0.78,34.655,0.85,34.809,0.84,34.64,0.89,34.794,0.88,34.63,0.92,34.786,0.91,34.61,0.92,34.769,0.92
2003M04,34.772,-0.32,34.906,-0.34,34.752,-0.26,34.896,-0.28,34.722,-0.18,34.881,-0.2,34.702,-0.12,34.861,-0.14,34.676,-0.04,34.841,0,34.622,0.14,34.801,0.05
2003M05,34.642,-1.63,34.785,-1.62,34.625,-1.59,34.775,-1.58,34.6,-1.53,34.76,-1.52,34.575,-1.46,34.735,-1.45,34.55,-1.42,34.712,-1.4,34.5,-1.32,34.665,-1.28
2003M06,34.537,-3.09,34.685,-3.11,34.52,-3.11,34.672,-3.07,34.495,-3.14,34.652,-3.02,34.475,-3.14,34.632,-2.96,34.457,-3.15,34.616,-2.92,34.42,-3.16,34.582,-2.91
2003M07,34.334,-1.81,34.485,-1.82,34.318,-1.77,34.472,-1.76,34.293,-1.69,34.452,-1.67,34.268,-1.62,34.432,-1.62,34.243,-1.62,34.407,-1.6,34.193,-1.61,34.357,-1.46
2003M08,34.141,0.11,34.277,0.13,34.131,0.14,34.271,0.16,34.116,0.18,34.261,0.21,34.096,0.24,34.246,0.25,34.073,0.28,34.228,0.29,34.026,0.34,34.191,0.38
2003M09,33.689,3.54,33.828,3.53,33.665,3.6,33.812,3.58,33.63,3.7,33.787,3.65,33.6,3.77,33.767,3.71,33.567,3.87,33.737,3.81,33.5,4.05,33.677,4.01
2003M10,33.892,2.42,34.031,2.4,33.885,2.42,34.031,2.4,33.875,2.42,34.021,2.43,33.85,2.48,34.006,2.46,33.822,2.55,33.978,2.53,33.765,2.69,33.921,2.7
2003M11,34.126,1.85,34.265,1.84,34.119,1.86,34.27,1.83,34.109,1.86,34.265,1.84,34.094,1.89,34.25,1.87,34.073,1.93,34.23,1.93,34.029,2.02,34.19,2.02
2003M12,33.905,2.31,34.042,2.3,33.895,2.32,34.042,2.29,33.88,2.33,34.032,2.31,33.865,2.34,34.012,2.35,33.844,2.35,33.996,2.38,33.8,2.4,33.962,2.43
2004M01,33.322,3.88,33.455,3.94,33.312,3.88,33.455,3.91,33.297,3.88,33.44,3.91,33.287,3.85,33.435,3.89,33.262,3.89,33.415,3.92,33.212,3.95,33.375,3.96
2004M02,33.286,4.22,33.42,4.18,33.269,4.24,33.42,4.2,33.255,4.24,33.405,4.23,33.24,4.24,33.395,4.22,33.215,4.28,33.375,4.25,33.179,4.3,33.33,4.31
2004M03,32.944,5.27,33.07,5.29,32.921,5.31,33.06,5.32,32.886,5.38,33.035,5.37,32.861,5.41,33.015,5.39,32.855,5.4,33.005,5.4,32.8,5.52,32.955,5.5
2004M04,33.295,4.44,33.416,4.46,33.269,4.46,33.399,4.48,33.229,4.49,33.374,4.52,33.199,4.53,33.349,4.53,33.164,4.56,33.324,4.55,33.093,4.62,33.254,4.65
2004M05,33.319,3.97,33.44,4.02,33.299,3.98,33.433,4.01,33.269,4,33.413,4.03,33.243,4.01,33.378,4.07,33.204,4.05,33.358,4.06,33.143,4.09,33.288,4.14
2004M06,33.703,2.47,33.825,2.54,33.68,2.49,33.815,2.53,33.65,2.51,33.785,2.57,33.61,2.57,33.745,2.63,33.564,2.66,33.735,2.61,33.495,2.76,33.64,2.8
2004M07,34.067,0.78,34.191,0.86,34.045,0.8,34.183,0.85,34.018,0.81,34.159,0.86,33.988,0.82,34.128,0.89,33.953,0.85,34.115,0.86,33.868,0.96,34.015,1.01
2004M08,33.987,0.45,34.105,0.5,33.967,0.48,34.098,0.51,33.946,0.5,34.078,0.54,33.918,0.52,34.055,0.56,33.887,0.55,34.038,0.56,33.83,0.58,33.961,0.68
2004M09,33.915,-0.67,34.033,-0.6,33.895,-0.68,34.021,-0.61,33.87,-0.71,33.994,-0.61,33.839,-0.71,33.964,-0.58,33.789,-0.66,33.949,-0.62,33.75,-0.74,33.879,-0.6
2004M10,33.354,1.61,33.483,1.64,33.332,1.66,33.467,1.69,33.297,1.74,33.435,1.75,33.267,1.75,33.405,1.8,33.235,1.77,33.375,1.81,33.164,1.81,33.31,1.83
2004M11,32.11,6.28,32.25,6.25,32.081,6.35,32.228,6.34,32.045,6.44,32.19,6.45,32.005,6.53,32.15,6.53,31.954,6.63,32.11,6.6,31.865,6.79,32.02,6.78
2004M12,31.583,7.35,31.96,6.51,31.549,7.44,31.933,6.6,31.505,7.54,31.888,6.72,31.449,7.68,31.833,6.85,31.399,7.79,31.793,6.93,31.28,8.06,31.683,7.19
2005M01,31.683,5.17,31.834,5.09,31.654,5.24,31.811,5.17,31.603,5.36,31.76,5.29,31.554,5.49,31.712,5.43,31.501,5.59,31.66,5.54,31.392,5.8,31.555,5.77
2005M02,31.089,7.07,31.217,7.06,31.055,7.13,31.19,7.15,31.009,7.24,31.144,7.26,30.959,7.37,31.093,7.4,30.905,7.47,31.045,7.51,30.795,7.74,30.932,7.75
2005M03,31.433,4.81,31.57,4.75,31.397,4.85,31.54,4.82,31.335,4.95,31.478,4.95,31.277,5.06,31.42,5.08,31.212,5.26,31.37,5.21,31.081,5.53,31.23,5.52
2005M04,31.187,6.76,31.317,6.7,31.146,6.82,31.283,6.76,31.095,6.86,31.231,6.86,31.037,6.97,31.173,6.98,30.973,7.07,31.108,7.12,30.842,7.3,30.978,7.35
2005M05,31.279,6.52,31.402,6.49,31.239,6.59,31.369,6.58,31.186,6.68,31.316,6.7,31.126,6.8,31.255,6.79,31.061,6.9,31.191,6.95,30.931,7.15,31.061,7.17
2005M06,31.536,6.87,31.655,6.86,31.494,6.94,31.62,6.94,31.429,7.07,31.555,7.07,31.368,7.15,31.492,7.15,31.303,7.22,31.429,7.34,31.168,7.47,31.292,7.5
2005M07,31.84,6.99,32.035,6.73,31.794,7.08,31.996,6.84,31.726,7.22,31.927,6.99,31.657,7.36,31.858,7.13,31.58,7.51,31.781,7.34,31.418,7.8,31.624,7.56
2005M08,32.666,4.04,32.785,4.03,32.616,4.14,32.742,4.14,32.547,4.3,32.672,4.3,32.473,4.45,32.598,4.47,32.392,4.62,32.521,4.66,32.246,4.91,32.371,4.91
2005M09,33.103,2.45,33.221,2.44,33.051,2.55,33.175,2.55,32.974,2.72,33.098,2.71,32.895,2.87,33.018,2.87,32.81,2.98,32.933,3.09,32.657,3.35,32.78,3.35
2005M10,33.466,-0.33,33.582,-0.29,33.411,-0.24,33.534,-0.2,33.322,-0.08,33.445,-0.03,33.227,0.12,33.349,0.17,33.158,0.23,33.281,0.28,32.979,0.56,33.106,0.62
2005M11,33.424,-3.93,33.546,-3.86,33.363,-3.84,33.491,-3.77,33.274,-3.69,33.402,-3.63,33.195,-3.58,33.323,-3.52,33.103,-3.47,33.231,-3.37,32.927,-3.23,33.053,-3.13
2005M12,32.712,-3.45,32.876,-2.79,32.647,-3.36,32.817,-2.69,32.572,-3.28,32.743,-2.61,32.481,-3.18,32.652,-2.51,32.395,-3.07,32.565,-2.37,32.203,-2.87,32.373,-2.13
2006M01,31.892,-0.66,32.015,-0.57,31.837,-0.57,31.966,-0.48,31.747,-0.45,31.877,-0.37,31.651,-0.31,31.781,-0.22,31.57,-0.22,31.699,-0.12,31.384,0.03,31.514,0.13
2006M02,32.372,-3.96,32.491,-3.92,32.307,-3.88,32.433,-3.83,32.219,-3.76,32.345,-3.71,32.124,-3.63,32.249,-3.58,32.027,-3.5,32.152,-3.44,31.824,-3.23,31.949,-3.18
2006M03,32.37,-2.89,32.489,-2.83,32.305,-2.81,32.431,-2.75,32.203,-2.7,32.328,-2.63,32.109,-2.59,32.233,-2.52,32.016,-2.51,32.14,-2.4,31.818,-2.32,31.942,-2.23
2006M04,31.817,-1.98,31.936,-1.94,31.744,-1.88,31.87,-1.84,31.656,-1.77,31.781,-1.73,31.561,-1.66,31.686,-1.62,31.457,-1.54,31.582,-1.5,31.275,-1.38,31.403,-1.35
2006M05,31.924,-2.02,32.044,-2,31.856,-1.94,31.98,-1.91,31.756,-1.79,31.882,-1.78,31.646,-1.64,31.77,-1.62,31.556,-1.57,31.685,-1.56,31.356,-1.36,31.48,-1.33
2006M06,32.255,-2.23,32.39,-2.27,32.178,-2.13,32.318,-2.16,32.075,-2.01,32.215,-2.05,31.97,-1.88,32.11,-1.92,31.855,-1.73,31.995,-1.77,31.645,-1.51,31.79,-1.57
2006M07,32.655,-2.5,32.774,-2.25,32.572,-2.39,32.697,-2.14,32.477,-2.31,32.601,-2.07,32.366,-2.19,32.492,-1.95,32.257,-2.1,32.384,-1.86,32.058,-2,32.183,-1.74
2006M08,32.811,-0.44,32.929,-0.44,32.741,-0.38,32.865,-0.37,32.632,-0.26,32.757,-0.26,32.532,-0.18,32.658,-0.18,32.427,-0.11,32.551,-0.09,32.236,0.03,32.361,0.03
2006M09,33.006,0.29,33.121,0.3,32.934,0.36,33.055,0.36,32.832,0.43,32.953,0.44,32.73,0.5,32.853,0.5,32.624,0.57,32.745,0.57,32.44,0.67,32.561,0.67
2006M10,33.167,0.9,33.286,0.89,33.092,0.96,33.218,0.95,32.995,0.99,33.121,0.98,32.892,1.02,33.017,1.01,32.802,1.09,32.93,1.07,32.607,1.14,32.732,1.14
2006M11,32.324,3.4,32.455,3.36,32.252,3.44,32.39,3.4,32.15,3.5,32.287,3.45,32.059,3.54,32.197,3.5,31.964,3.56,32.102,3.52,31.777,3.62,31.915,3.57
2006M12,32.492,0.68,32.616,0.8,32.417,0.71,32.548,0.83,32.327,0.76,32.458,0.88,32.233,0.77,32.363,0.89,32.143,0.78,32.275,0.9,31.95,0.79,32.081,0.91
2007M01,32.834,-2.87,32.987,-2.95,32.771,-2.85,32.934,-2.94,32.669,-2.82,32.831,-2.91,32.569,-2.82,32.736,-2.92,32.465,-2.76,32.624,-2.84,32.274,-2.76,32.437,-2.85
2007M02,32.843,-1.43,32.988,-1.51,32.768,-1.41,32.928,-1.5,32.671,-1.38,32.83,-1.48,32.564,-1.35,32.723,-1.45,32.485,-1.41,32.632,-1.47,32.275,-1.4,32.429,-1.48
2007M03,32.986,-1.87,33.135,-1.95,32.916,-1.86,33.079,-1.96,32.812,-1.86,32.975,-1.96,32.719,-1.86,32.882,-1.97,32.622,-1.86,32.785,-1.97,32.435,-1.9,32.598,-2.01
2007M04,33.174,-4.09,33.358,-4.26,33.098,-4.09,33.298,-4.29,33.006,-4.09,33.205,-4.29,32.907,-4.09,33.107,-4.29,32.808,-4.12,33.007,-4.32,32.615,-4.11,32.815,-4.3
2007M05,32.924,-3.04,33.093,-3.17,32.871,-3.09,33.047,-3.23,32.773,-3.1,32.96,-3.27,32.694,-3.21,32.88,-3.38,32.618,-3.26,32.81,-3.43,32.434,-3.32,32.64,-3.55
2007M06,32.634,-1.16,32.785,-1.2,32.565,-1.19,32.73,-1.26,32.468,-1.21,32.634,-1.28,32.385,-1.28,32.55,-1.35,32.292,-1.35,32.46,-1.43,32.134,-1.52,32.3,-1.58
2007M07,32.704,-0.15,32.852,-0.24,32.627,-0.17,32.791,-0.29,32.543,-0.2,32.705,-0.32,32.453,-0.27,32.615,-0.38,32.365,-0.33,32.528,-0.44,32.203,-0.45,32.367,-0.57
2007M08,32.891,-0.24,33.038,-0.33,32.817,-0.23,32.979,-0.35,32.707,-0.23,32.869,-0.34,32.613,-0.25,32.774,-0.35,32.514,-0.27,32.674,-0.38,32.346,-0.34,32.507,-0.45
2007M09,32.482,1.61,32.632,1.5,32.415,1.6,32.58,1.46,32.325,1.57,32.49,1.43,32.235,1.54,32.401,1.4,32.147,1.48,32.313,1.34,32,1.38,32.165,1.23
2007M10,32.295,2.7,32.456,2.56,32.237,2.65,32.411,2.49,32.156,2.61,32.331,2.44,32.078,2.54,32.254,2.37,32.01,2.47,32.185,2.31,31.875,2.3,32.05,2.13
2007M11,32.156,0.52,32.308,0.45,32.075,0.55,32.242,0.46,31.98,0.53,32.145,0.44,31.892,0.52,32.06,0.43,31.806,0.5,31.973,0.4,31.655,0.39,31.843,0.23
2007M12,32.33,0.5,32.487,0.4,32.268,0.46,32.438,0.34,32.191,0.42,32.363,0.29,32.114,0.37,32.286,0.24,32.03,0.35,32.213,0.19,31.886,0.2,32.088,-0.02
2008M01,32.07,2.38,32.255,2.27,32.039,2.28,32.238,2.16,31.998,2.1,32.198,1.97,31.969,1.88,32.168,1.77,31.934,1.66,32.143,1.5,31.873,1.26,32.073,1.13
2008M02,30.841,6.49,31.011,6.38,30.809,6.36,30.997,6.23,30.783,6.13,30.968,6.01,30.755,5.88,30.94,5.76,30.723,5.74,30.908,5.58,30.66,5.27,30.845,5.14
2008M03,30.291,8.9,30.466,8.76,30.265,8.76,30.455,8.62,30.24,8.51,30.43,8.36,30.214,8.29,30.405,8.15,30.19,8.06,30.38,7.92,30.145,7.6,30.335,7.46
2008M04,30.368,9.24,30.514,9.32,30.343,9.08,30.502,9.17,30.311,8.89,30.472,8.97,30.282,8.67,30.443,8.75,30.255,8.44,30.415,8.52,30.19,8.03,30.35,8.12
2008M05,30.318,8.6,30.479,8.58,30.298,8.49,30.474,8.44,30.277,8.24,30.454,8.23,30.254,8.07,30.431,8.05,30.231,7.9,30.408,7.9,30.169,7.51,30.347,7.56
2008M06,30.272,7.8,30.414,7.8,30.239,7.69,30.396,7.68,30.21,7.47,30.371,7.45,30.181,7.3,30.338,7.29,30.147,7.12,30.304,7.11,30.059,6.9,30.232,6.84
2008M07,30.514,7.18,30.696,7.02,30.487,7.02,30.684,6.87,30.449,6.88,30.646,6.72,30.415,6.7,30.612,6.54,30.374,6.55,30.572,6.4,30.26,6.42,30.467,6.24
2008M08,31.446,4.6,31.621,4.48,31.422,4.44,31.613,4.32,31.386,4.21,31.577,4.09,31.349,4.03,31.54,3.91,31.295,3.9,31.486,3.77,31.188,3.71,31.38,3.59
2008M09,32.008,1.48,32.254,1.17,31.884,1.67,32.173,1.27,31.715,1.92,32.053,1.36,31.565,2.12,31.943,1.43,31.415,2.33,31.793,1.64,31.115,2.84,31.733,1.36
2008M10,32.884,-1.79,33.07,-1.86,32.824,-1.79,33.06,-1.96,32.749,-1.81,33.005,-2.04,32.695,-1.89,32.935,-2.07,32.62,-1.87,32.85,-2.02,32.469,-1.83,32.75,-2.14
2008M11,33.202,-3.15,33.361,-3.16,33.128,-3.18,33.349,-3.32,33.064,-3.28,33.289,-3.44,32.979,-3.3,33.194,-3.42,32.883,-3.28,33.119,-3.46,32.699,-3.19,32.979,-3.44
2008M12,32.703,-1.14,32.929,-1.34,32.686,-1.28,32.925,-1.48,32.626,-1.33,32.915,-1.68,32.586,-1.45,32.87,-1.78,32.521,-1.51,32.82,-1.85,32.401,-1.59,32.74,-1.99
2009M01,33.497,-4.26,33.87,-4.77,33.484,-4.32,33.866,-4.81,33.449,-4.34,33.861,-4.91,33.399,-4.28,33.831,-4.92,33.353,-4.25,33.796,-4.89,33.233,-4.09,33.706,-4.84
2009M02,34.844,-11.49,35.019,-11.45,34.828,-11.54,35.018,-11.48,34.786,-11.51,34.998,-11.51,34.731,-11.45,34.963,-11.51,34.665,-11.37,34.905,-11.45,34.52,-11.18,34.794,-11.35
2009M03,33.829,-10.46,33.985,-10.35,33.806,-10.47,33.976,-10.36,33.764,-10.44,33.955,-10.38,33.707,-10.36,33.92,-10.36,33.645,-10.27,33.864,-10.29,33.52,-10.07,33.773,-10.18
2009M04,32.989,-7.95,33.302,-8.37,32.971,-7.97,33.3,-8.4,32.934,-7.96,33.283,-8.45,32.887,-7.92,33.257,-8.46,32.836,-7.86,33.208,-8.41,32.716,-7.72,33.128,-8.39
2009M05,32.549,-6.85,32.719,-6.85,32.538,-6.88,32.715,-6.85,32.503,-6.85,32.71,-6.9,32.462,-6.8,32.69,-6.91,32.419,-6.75,32.655,-6.88,32.313,-6.64,32.58,-6.85
2009M06,32.731,-7.51,32.888,-7.52,32.72,-7.58,32.883,-7.56,32.7,-7.61,32.875,-7.62,32.654,-7.57,32.87,-7.7,32.619,-7.58,32.84,-7.72,32.513,-7.55,32.767,-7.74
2009M07,32.728,-6.76,32.887,-6.66,32.717,-6.82,32.884,-6.69,32.701,-6.89,32.878,-6.79,32.67,-6.9,32.87,-6.87,32.639,-6.94,32.858,-6.96,32.558,-7.06,32.814,-7.15
2009M08,32.841,-4.25,32.993,-4.16,32.833,-4.3,32.992,-4.18,32.816,-4.36,32.988,-4.28,32.803,-4.43,32.983,-4.37,32.764,-4.48,32.974,-4.51,32.691,-4.6,32.94,-4.74
2009M09,32.058,-0.16,32.27,-0.05,32.051,-0.52,32.269,-0.3,32.038,-1.01,32.267,-0.66,32.023,-1.43,32.262,-0.99,31.996,-1.82,32.258,-1.44,31.934,-2.56,32.246,-1.59
2009M10,32.44,1.37,32.605,1.43,32.433,1.21,32.603,1.4,32.419,1.02,32.6,1.24,32.404,0.9,32.596,1.04,32.383,0.73,32.588,0.8,32.306,0.5,32.567,0.56
2009M11,32.097,3.44,32.239,3.48,32.088,3.24,32.239,3.44,32.081,3.06,32.233,3.28,32.067,2.84,32.23,2.99,32.049,2.6,32.225,2.77,31.997,2.19,32.211,2.38
2009M12,31.89,2.55,32.085,2.63,31.88,2.53,32.083,2.62,31.874,2.36,32.078,2.61,31.862,2.27,32.074,2.48,31.84,2.14,32.064,2.36,31.79,1.92,32.047,2.16
2010M01,31.921,4.94,32.045,5.7,31.913,4.92,32.045,5.68,31.907,4.83,32.039,5.69,31.896,4.71,32.037,5.6,31.879,4.62,32.032,5.51,31.837,4.38,32.019,5.27
2010M02,32.008,8.86,32.14,8.96,32.001,8.83,32.139,8.96,31.992,8.73,32.132,8.92,31.98,8.6,32.13,8.82,31.962,8.46,32.123,8.66,31.915,8.16,32.106,8.37
2010M03,31.75,6.55,31.874,6.62,31.743,6.5,31.874,6.59,31.737,6.39,31.869,6.55,31.731,6.23,31.862,6.46,31.715,6.09,31.859,6.29,31.68,5.81,31.844,6.06
2010M04,31.348,5.23,31.483,5.78,31.34,5.2,31.481,5.78,31.332,5.11,31.474,5.75,31.324,4.99,31.466,5.69,31.307,4.88,31.46,5.56,31.273,4.61,31.448,5.34
2010M05,32.149,1.24,32.286,1.34,32.134,1.26,32.278,1.35,32.1,1.26,32.26,1.39,32.074,1.21,32.235,1.41,31.994,1.33,32.205,1.4,31.92,1.23,32.11,1.46
2010M06,32.208,1.62,32.331,1.72,32.196,1.63,32.326,1.72,32.173,1.64,32.314,1.74,32.15,1.57,32.292,1.79,32.11,1.59,32.278,1.74,32.027,1.52,32.208,1.74
2010M07,31.979,2.34,32.113,2.41,31.967,2.35,32.109,2.41,31.947,2.36,32.101,2.42,31.934,2.3,32.086,2.44,31.906,2.3,32.083,2.42,31.847,2.23,32.041,2.41
2010M08,32.029,2.54,32.164,2.58,32.013,2.56,32.154,2.61,31.99,2.58,32.142,2.63,31.972,2.6,32.124,2.67,31.935,2.6,32.112,2.68,31.871,2.57,32.067,2.72
2010M09,31.258,2.56,31.394,2.79,31.247,2.57,31.389,2.8,31.227,2.6,31.38,2.83,31.21,2.6,31.362,2.87,31.177,2.63,31.353,2.89,31.123,2.61,31.316,2.97
2010M10,30.71,5.63,30.845,5.71,30.697,5.66,30.839,5.72,30.675,5.69,30.829,5.74,30.648,5.73,30.812,5.79,30.627,5.73,30.804,5.79,30.574,5.66,30.767,5.85
2010M11,30.777,4.29,30.912,4.29,30.761,4.31,30.902,4.33,30.72,4.43,30.876,4.39,30.698,4.46,30.864,4.43,30.649,4.57,30.84,4.49,30.573,4.66,30.77,4.68
2010M12,30.293,5.27,30.428,5.45,30.274,5.3,30.416,5.48,30.25,5.37,30.406,5.5,30.223,5.42,30.386,5.56,30.193,5.45,30.373,5.57,30.122,5.54,30.328,5.67
2011M01,28.968,10.19,29.103,10.11,28.953,10.22,29.095,10.14,28.928,10.3,29.081,10.17,28.902,10.36,29.064,10.23,28.87,10.42,29.044,10.29,28.8,10.55,28.997,10.42
2011M02,29.677,7.85,29.812,7.81,29.659,7.9,29.802,7.84,29.634,7.96,29.788,7.87,29.609,8.01,29.772,7.92,29.572,8.08,29.752,7.97,29.505,8.17,29.698,8.11
2011M03,29.327,8.26,29.462,8.19,29.312,8.29,29.453,8.22,29.284,8.38,29.437,8.26,29.259,8.45,29.422,8.29,29.226,8.52,29.4,8.36,29.154,8.66,29.347,8.51
2011M04,28.54,-8.96,28.676,-8.92,28.533,-8.96,28.675,-8.91,28.514,-8.99,28.668,-8.92,28.492,-9.04,28.655,-8.93,28.457,-9.1,28.64,-8.96,28.4,-9.19,28.592,-9.08
2011M05,28.591,-11.07,28.725,-11.03,28.586,-11.04,28.723,-11.01,28.569,-11,28.718,-10.98,28.546,-11,28.708,-10.94,28.52,-10.86,28.696,-10.9,28.452,-10.86,28.645,-10.79
2011M06,28.639,-11.08,28.773,-11,28.632,-11.07,28.77,-11,28.616,-11.06,28.764,-10.99,28.596,-11.05,28.76,-10.94,28.566,-11.04,28.74,-10.96,28.501,-11.01,28.692,-10.92
2011M07,28.754,-10.08,28.886,-10.05,28.749,-10.07,28.884,-10.04,28.734,-10.06,28.88,-10.03,28.711,-10.09,28.872,-10.02,28.685,-10.1,28.857,-10.06,28.617,-10.14,28.807,-10.09
2011M08,28.942,-9.64,29.074,-9.61,28.93,-9.63,29.067,-9.6,28.91,-9.63,29.055,-9.6,28.882,-9.66,29.041,-9.6,28.848,-9.67,29.019,-9.63,28.781,-9.7,28.973,-9.65
2011M09,30.399,-2.75,30.534,-2.74,30.383,-2.77,30.522,-2.76,30.35,-2.81,30.5,-2.8,30.308,-2.89,30.472,-2.84,30.267,-2.92,30.442,-2.91,30.184,-3.02,30.377,-3
2011M10,29.839,-2.84,29.975,-2.82,29.825,-2.84,29.965,-2.83,29.792,-2.88,29.947,-2.86,29.759,-2.9,29.922,-2.89,29.722,-2.95,29.906,-2.92,29.646,-3.04,29.85,-2.98
2011M11,30.247,-1.72,30.378,-1.73,30.226,-1.74,30.365,-1.74,30.198,-1.7,30.348,-1.71,30.166,-1.73,30.327,-1.74,30.127,-1.7,30.302,-1.74,30.052,-1.7,30.242,-1.72
2011M12,30.205,-0.29,30.327,-0.33,30.191,-0.27,30.322,-0.31,30.167,-0.27,30.307,-0.33,30.141,-0.27,30.291,-0.31,30.104,-0.29,30.272,-0.33,30.046,-0.25,30.226,-0.34
2012M01,29.527,1.93,29.653,1.89,29.515,1.94,29.649,1.9,29.49,1.94,29.635,1.91,29.465,1.95,29.62,1.91,29.439,1.97,29.605,1.93,29.38,2.01,29.565,1.96
2012M02,29.308,-1.24,29.439,-1.25,29.299,-1.21,29.438,-1.22,29.282,-1.19,29.432,-1.2,29.258,-1.19,29.418,-1.19,29.235,-1.14,29.405,-1.17,29.178,-1.11,29.369,-1.11
2012M03,29.434,0.36,29.566,0.35,29.427,0.39,29.567,0.39,29.415,0.45,29.565,0.43,29.396,0.47,29.557,0.46,29.377,0.52,29.547,0.5,29.322,0.58,29.515,0.57
2012M04,29.074,1.87,29.206,1.85,29.067,1.87,29.207,1.86,29.062,1.92,29.202,1.86,29.046,1.94,29.195,1.88,29.026,2,29.188,1.91,28.975,2.02,29.166,2.01
2012M05,29.772,4.13,29.904,4.1,29.763,4.12,29.902,4.1,29.744,4.11,29.883,4.06,29.717,4.1,29.867,4.04,29.681,4.07,29.847,4.01,29.604,4.05,29.795,4.01
2012M06,29.803,4.06,29.935,4.04,29.795,4.06,29.935,4.05,29.783,4.08,29.924,4.03,29.768,4.1,29.918,4.03,29.748,4.14,29.91,4.07,29.695,4.19,29.887,4.16
2012M07,29.908,4.01,30.04,4,29.901,4.01,30.041,4.01,29.892,4.03,30.033,3.99,29.878,4.06,30.028,4,29.858,4.09,30.02,4.03,29.81,4.17,30,4.14
2012M08,29.859,3.17,29.991,3.15,29.854,3.19,29.994,3.19,29.851,3.25,29.99,3.22,29.84,3.32,29.99,3.27,29.823,3.38,29.985,3.33,29.781,3.47,29.97,3.44
2012M09,29.225,-3.86,29.356,-3.86,29.22,-3.83,29.359,-3.81,29.216,-3.74,29.356,-3.75,29.207,-3.63,29.357,-3.66,29.189,-3.56,29.352,-3.58,29.149,-3.43,29.339,-3.42
2012M10,29.14,-2.34,29.271,-2.35,29.135,-2.31,29.272,-2.31,29.131,-2.22,29.27,-2.26,29.122,-2.14,29.269,-2.18,29.114,-2.05,29.264,-2.15,29.076,-1.92,29.255,-1.99
2012M11,28.984,-4.18,29.116,-4.15,28.979,-4.13,29.118,-4.11,28.976,-4.05,29.114,-4.07,28.965,-3.98,29.112,-4.01,28.954,-3.89,29.104,-3.95,28.912,-3.79,29.091,-3.81
2012M12,28.966,-4.1,29.098,-4.05,28.961,-4.07,29.1,-4.03,28.957,-4.01,29.096,-4,28.947,-3.96,29.094,-3.95,28.936,-3.88,29.089,-3.91,28.899,-3.82,29.081,-3.79
2013M01,29.463,-0.22,29.595,-0.2,29.455,-0.2,29.596,-0.18,29.45,-0.14,29.592,-0.15,29.442,-0.08,29.59,-0.1,29.436,-0.01,29.585,-0.07,29.402,0.07,29.585,0.07
2013M02,29.593,0.97,29.724,0.97,29.585,0.98,29.722,0.96,29.579,1.01,29.718,0.97,29.569,1.06,29.717,1.02,29.561,1.12,29.711,1.04,29.536,1.23,29.703,1.14
2013M03,29.751,1.08,29.883,1.07,29.738,1.06,29.88,1.06,29.723,1.05,29.875,1.05,29.704,1.05,29.87,1.06,29.692,1.07,29.855,1.04,29.647,1.11,29.833,1.08
2013M04,29.462,1.33,29.594,1.33,29.451,1.32,29.591,1.31,29.434,1.28,29.584,1.31,29.415,1.27,29.574,1.3,29.399,1.29,29.56,1.27,29.357,1.32,29.538,1.28
2013M05,29.852,0.27,29.984,0.27,29.842,0.27,29.982,0.27,29.826,0.28,29.976,0.31,29.81,0.31,29.969,0.34,29.797,0.39,29.958,0.37,29.757,0.52,29.938,0.48
2013M06,29.913,0.37,30.045,0.37,29.905,0.37,30.044,0.36,29.889,0.36,30.04,0.39,29.875,0.36,30.034,0.39,29.858,0.37,30.02,0.37,29.811,0.39,29.991,0.35
2013M07,29.905,-0.01,30.019,-0.07,29.895,-0.02,30.016,-0.08,29.878,-0.05,30.01,-0.08,29.858,-0.07,30,-0.09,29.845,-0.04,29.986,-0.11,29.8,-0.03,29.962,-0.13
2013M08,29.864,0.02,29.978,-0.04,29.852,-0.01,29.974,-0.07,29.833,-0.06,29.966,-0.08,29.813,-0.09,29.956,-0.11,29.798,-0.08,29.941,-0.15,29.774,-0.02,29.933,-0.12
2013M09,29.508,0.97,29.622,0.91,29.494,0.94,29.615,0.87,29.476,0.89,29.608,0.86,29.456,0.85,29.598,0.82,29.44,0.86,29.585,0.79,29.413,0.91,29.575,0.8
2013M10,29.332,0.66,29.446,0.6,29.316,0.62,29.438,0.57,29.29,0.55,29.422,0.52,29.264,0.49,29.406,0.47,29.246,0.45,29.388,0.42,29.21,0.46,29.375,0.41
2013M11,29.521,1.85,29.635,1.78,29.493,1.77,29.616,1.71,29.451,1.64,29.585,1.62,29.422,1.58,29.566,1.56,29.39,1.51,29.545,1.52,29.348,1.51,29.508,1.43
2013M12,29.71,2.57,29.824,2.5,29.69,2.52,29.813,2.45,29.662,2.43,29.795,2.4,29.628,2.35,29.769,2.32,29.6,2.29,29.745,2.26,29.55,2.25,29.715,2.18
2014M01,30.223,2.58,30.337,2.51,30.2,2.53,30.322,2.45,30.158,2.4,30.293,2.37,30.122,2.31,30.266,2.28,30.085,2.2,30.237,2.2,30.025,2.12,30.195,2.06
2014M02,30.238,2.18,30.352,2.11,30.215,2.13,30.336,2.07,30.178,2.03,30.31,1.99,30.139,1.93,30.282,1.9,30.102,1.83,30.248,1.81,30.036,1.69,30.197,1.66
2014M03,30.404,2.19,30.518,2.12,30.383,2.17,30.505,2.09,30.351,2.11,30.483,2.04,30.317,2.06,30.46,1.98,30.282,1.99,30.43,1.93,30.225,1.95,30.385,1.85
2014M04,30.121,2.24,30.234,2.16,30.102,2.21,30.223,2.14,30.07,2.16,30.202,2.09,30.04,2.12,30.181,2.05,30.009,2.07,30.154,2.01,29.953,2.03,30.111,1.94
2014M05,29.928,0.25,30.042,0.19,29.915,0.24,30.037,0.18,29.892,0.22,30.024,0.16,29.867,0.19,30.009,0.13,29.842,0.15,29.988,0.1,29.799,0.14,29.957,0.06
2014M06,29.805,-0.36,29.919,-0.42,29.795,-0.37,29.916,-0.43,29.779,-0.37,29.911,-0.43,29.757,-0.39,29.899,-0.45,29.737,-0.41,29.881,-0.46,29.697,-0.38,29.854,-0.46
2014M07,29.922,0.06,30.035,0.05,29.915,0.07,30.036,0.07,29.902,0.08,30.034,0.08,29.885,0.09,30.026,0.09,29.864,0.06,30.007,0.07,29.823,0.08,29.985,0.08
2014M08,29.841,-0.08,29.955,-0.08,29.833,-0.06,29.955,-0.06,29.815,-0.06,29.948,-0.06,29.793,-0.07,29.936,-0.07,29.768,-0.1,29.91,-0.1,29.716,-0.19,29.873,-0.2
2014M09,30.366,2.91,30.48,2.9,30.359,2.93,30.481,2.92,30.346,2.95,30.477,2.94,30.319,2.93,30.463,2.92,30.293,2.9,30.435,2.87,30.242,2.82,30.403,2.8
2014M10,30.375,3.56,30.49,3.55,30.365,3.58,30.49,3.57,30.348,3.61,30.48,3.6,30.323,3.62,30.467,3.61,30.29,3.57,30.44,3.58,30.242,3.53,30.399,3.49
2014M11,30.884,4.62,31,4.61,30.873,4.68,30.999,4.67,30.857,4.77,30.989,4.75,30.833,4.8,30.975,4.77,30.801,4.8,30.951,4.76,30.765,4.83,30.923,4.8
2014M12,31.577,6.28,31.692,6.26,31.57,6.33,31.695,6.31,31.562,6.41,31.693,6.37,31.545,6.47,31.686,6.44,31.525,6.5,31.667,6.46,31.485,6.55,31.646,6.5
2015M01,31.448,4.05,31.562,4.04,31.443,4.12,31.565,4.1,31.435,4.23,31.566,4.2,31.42,4.31,31.561,4.28,31.407,4.39,31.55,4.34,31.375,4.5,31.534,4.43
2015M02,31.347,3.67,31.461,3.65,31.342,3.73,31.464,3.72,31.333,3.83,31.465,3.81,31.32,3.92,31.463,3.9,31.309,4.01,31.455,3.99,31.284,4.16,31.443,4.13
2015M03,31.238,2.74,31.351,2.73,31.233,2.8,31.354,2.78,31.23,2.9,31.351,2.85,31.225,3,31.347,2.91,31.211,3.07,31.345,3.01,31.191,3.2,31.342,3.15
2015M04,30.548,1.42,30.661,1.41,30.543,1.47,30.664,1.46,30.54,1.56,30.662,1.52,30.535,1.65,30.658,1.58,30.525,1.72,30.655,1.66,30.512,1.87,30.656,1.81
2015M05,30.632,2.35,30.746,2.34,30.627,2.38,30.748,2.37,30.622,2.44,30.744,2.4,30.614,2.5,30.736,2.42,30.602,2.55,30.727,2.46,30.577,2.61,30.72,2.55
2015M06,30.797,3.33,30.911,3.32,30.79,3.34,30.912,3.33,30.782,3.37,30.906,3.33,30.775,3.42,30.897,3.34,30.761,3.44,30.888,3.37,30.735,3.5,30.882,3.44
2015M07,31.527,5.36,31.647,5.37,31.519,5.36,31.647,5.36,31.508,5.37,31.636,5.33,31.49,5.37,31.618,5.3,31.465,5.36,31.599,5.31,31.396,5.27,31.55,5.22
2015M08,32.45,8.74,32.554,8.68,32.441,8.74,32.553,8.67,32.429,8.77,32.541,8.66,32.411,8.79,32.524,8.65,32.383,8.78,32.502,8.67,32.317,8.75,32.455,8.64
2015M09,32.812,8.06,32.916,7.99,32.807,8.06,32.919,8,32.802,8.09,32.915,8,32.788,8.14,32.901,8,32.762,8.15,32.882,8.04,32.702,8.13,32.842,8.02
2015M10,32.403,6.68,32.507,6.62,32.399,6.7,32.51,6.63,32.396,6.75,32.507,6.65,32.386,6.8,32.497,6.66,32.368,6.86,32.484,6.71,32.312,6.84,32.45,6.75
2015M11,32.552,5.4,32.656,5.34,32.545,5.42,32.657,5.35,32.534,5.43,32.645,5.34,32.518,5.46,32.63,5.34,32.495,5.5,32.612,5.37,32.445,5.46,32.582,5.36
2015M12,32.781,3.81,32.885,3.76,32.774,3.81,32.886,3.76,32.759,3.79,32.871,3.72,32.735,3.77,32.848,3.67,32.708,3.75,32.834,3.69,32.666,3.75,32.805,3.66
2016M01,33.372,6.12,33.476,6.06,33.365,6.11,33.479,6.06,33.353,6.1,33.47,6.03,33.338,6.1,33.451,5.99,33.317,6.08,33.435,5.97,33.264,6.02,33.404,5.93
2016M02,33.191,5.88,33.295,5.83,33.184,5.88,33.296,5.82,33.175,5.88,33.286,5.79,33.161,5.88,33.272,5.75,33.138,5.84,33.255,5.72,33.086,5.76,33.225,5.67
,,,,,,,,,,,,,,,,,,,,,,,,
*年增率係以所取得資料之原始精確位數進行計算，與資料發布機關公布之結果-,,,,,,,,,,,,,,,,,,,,,,,,
容或有尾差。 ,,,,,,,,,,,,,,,,,,,,,,,,
資料來源：第一商業銀行。 ,,,,,,,,,,,,,,,,,,,,,,,,
