"航空客、貨運-月 依 期間, 國內外別, 指標 與 種類"

" "," 合計"," "," "," "," "," "," "," "," "," "," 國內航線"," "," "," "," "," "," "," "," "," "," 國際航線"," "," "," "," "," "," "," "," "," "
" "," 飛行班次(班次)"," "," 載客人數(人次)"," "," 客運延人公里(千人公里)"," "," 貨運噸數(公噸)"," "," 貨運延噸公里(千噸公里)"," "," 飛行班次(班次)"," "," 載客人數(人次)"," "," 客運延人公里(千人公里)"," "," 貨運噸數(公噸)"," "," 貨運延噸公里(千噸公里)"," "," 飛行班次(班次)"," "," 載客人數(人次)"," "," 客運延人公里(千人公里)"," "," 貨運噸數(公噸)"," "," 貨運延噸公里(千噸公里)"," "
" "," 原始值"," 年增率(%)"," 原始值"," 年增率(%)"," 原始值"," 年增率(%)"," 原始值"," 年增率(%)"," 原始值"," 年增率(%)"," 原始值"," 年增率(%)"," 原始值"," 年增率(%)"," 原始值"," 年增率(%)"," 原始值"," 年增率(%)"," 原始值"," 年增率(%)"," 原始值"," 年增率(%)"," 原始值"," 年增率(%)"," 原始值"," 年增率(%)"," 原始值"," 年增率(%)"," 原始值"," 年增率(%)"
"2002M01",22477,...,1927881,...,4196352,...,99127,...,621548,...,16352,...,849396,...,258323,...,5101,...,712,...,6125,...,1078485,...,3938028,...,94026,...,620835,...
"2002M02",21727,...,2059016,...,4087352,...,88708,...,551849,...,15603,...,926161,...,283996,...,5746,...,621,...,6124,...,1132855,...,3803357,...,82962,...,551229,...
"2002M03",22596,...,2135477,...,4334129,...,117882,...,772828,...,16256,...,935628,...,287024,...,4594,...,669,...,6340,...,1199849,...,4047105,...,113288,...,772159,...
"2002M04",23292,...,2205807,...,4299989,...,110782,...,711011,...,16420,...,981967,...,305004,...,5148,...,738,...,6872,...,1223840,...,3994985,...,105634,...,710273,...
"2002M05",23994,...,2195014,...,4513253,...,112892,...,725142,...,16843,...,974171,...,303135,...,5163,...,887,...,7151,...,1220843,...,4210118,...,107729,...,724255,...
"2002M06",22743,...,1970926,...,4227878,...,110623,...,722868,...,16059,...,874224,...,273869,...,4455,...,713,...,6684,...,1096702,...,3954008,...,106168,...,722155,...
"2002M07",23733,...,2191907,...,4671781,...,110045,...,721286,...,16103,...,928082,...,289505,...,4691,...,722,...,7630,...,1263825,...,4382276,...,105354,...,720564,...
"2002M08",24458,...,2241405,...,4849251,...,112392,...,727449,...,16640,...,931109,...,289358,...,4699,...,746,...,7818,...,1310296,...,4559893,...,107693,...,726703,...
"2002M09",21827,...,1907545,...,3938909,...,114860,...,756941,...,14957,...,812102,...,252636,...,4365,...,727,...,6870,...,1095443,...,3686273,...,110495,...,756214,...
"2002M10",23243,...,1981696,...,3917640,...,130656,...,885081,...,16089,...,861896,...,270182,...,4244,...,741,...,7154,...,1119800,...,3647458,...,126412,...,884339,...
"2002M11",22145,...,1894345,...,3798599,...,126401,...,832474,...,15252,...,840655,...,262685,...,4414,...,691,...,6893,...,1053690,...,3535914,...,121987,...,831783,...
"2002M12",22462,...,1963952,...,4222496,...,110326,...,714191,...,15404,...,832891,...,259834,...,4484,...,722,...,7058,...,1131061,...,3962662,...,105842,...,713469,...
"2003M01",23223,3.32,1985795,3.00,4531572,7.99,111138,12.12,701272,12.83,15835,-3.16,823237,-3.08,255170,-1.22,5348,4.84,853,19.66,7388,20.62,1162558,7.80,4276403,8.59,105790,12.51,700419,12.82
"2003M02",21260,-2.15,1941498,-5.71,3903208,-4.51,95662,7.84,636453,15.33,14524,-6.92,832518,-10.11,257425,-9.36,4541,-20.97,556,-10.47,6736,9.99,1108980,-2.11,3645783,-4.14,91121,9.83,635897,15.36
"2003M03",21775,-3.63,1878041,-12.06,3818700,-11.89,125618,6.56,823617,6.57,14602,-10.17,817204,-12.66,252206,-12.13,4194,-8.71,686,2.62,7173,13.14,1060837,-11.59,3566493,-11.88,121424,7.18,822930,6.58
"2003M04",19253,-17.34,1305620,-40.81,2494027,-42.00,113570,2.52,729221,2.56,13692,-16.61,710826,-27.61,216611,-28.98,3870,-24.83,661,-10.48,5561,-19.08,594794,-51.40,2277416,-42.99,109700,3.85,728560,2.57
"2003M05",16685,-30.46,778402,-64.54,1681345,-62.75,114374,1.31,744057,2.61,11714,-30.45,449550,-53.85,136852,-54.85,3165,-38.70,675,-23.93,4971,-30.49,328852,-73.06,1544493,-63.31,111209,3.23,743382,2.64
"2003M06",15560,-31.58,1276849,-35.22,2624742,-37.92,120598,9.02,799559,10.61,11024,-31.35,700954,-19.82,217649,-20.53,3601,-19.17,613,-14.05,4536,-32.14,575895,-47.49,2407093,-39.12,116997,10.20,798947,10.63
"2003M07",22348,-5.84,2334818,6.52,4728717,1.22,123254,12.00,795094,10.23,15584,-3.22,1044096,12.50,323963,11.90,5246,11.83,696,-3.58,6764,-11.35,1290722,2.13,4404754,0.51,118008,12.01,794397,10.25
"2003M08",22165,-9.38,2394577,6.83,5217197,7.59,125752,11.89,800134,9.99,14933,-10.26,1001774,7.59,309119,6.83,5087,8.26,694,-6.88,7232,-7.50,1392803,6.30,4908077,7.64,120665,12.05,799439,10.01
"2003M09",22226,1.83,2114304,10.84,4351982,10.49,129883,13.08,820137,8.35,14485,-3.16,914494,12.61,282590,11.86,4422,1.31,679,-6.60,7741,12.68,1199810,9.53,4069392,10.39,125461,13.54,819458,8.36
"2003M10",22392,-3.66,2144125,8.20,4412325,12.63,140938,7.87,896374,1.28,14562,-9.49,934005,8.37,292931,8.42,4540,6.97,702,-5.35,7830,9.45,1210120,8.07,4119394,12.94,136398,7.90,895672,1.28
"2003M11",21559,-2.65,2036863,7.52,4342565,14.32,141809,12.19,889913,6.90,13555,-11.13,851388,1.28,266668,1.52,4417,0.07,626,-9.38,8004,16.12,1185475,12.51,4075897,15.27,137392,12.63,889286,6.91
"2003M12",21773,-3.07,2067496,5.27,4504723,6.68,138263,25.32,861667,20.65,13930,-9.57,869364,4.38,272473,4.86,4728,5.44,636,-11.88,7843,11.12,1198132,5.93,4232250,6.80,133535,26.16,861031,20.68
"2004M01",23232,0.04,2265612,14.09,5035861,11.13,124222,11.77,780718,11.33,14854,-6.20,937139,13.84,295300,15.73,6318,18.14,649,-23.89,8378,13.40,1328473,14.27,4740561,10.85,117904,11.45,780069,11.37
"2004M02",20046,-5.71,1846108,-4.91,4134977,5.94,131395,37.35,850748,33.67,12847,-11.55,761932,-8.48,238381,-7.40,4222,-7.02,610,9.81,7199,6.87,1084176,-2.24,3896596,6.88,127173,39.56,850138,33.69
"2004M03",21657,-0.54,2025228,7.84,4448697,16.50,149590,19.08,965702,17.25,13658,-6.46,828894,1.43,261322,3.61,4292,2.34,628,-8.54,7999,11.52,1196334,12.77,4187375,17.41,145298,19.66,965075,17.27
"2004M04",21133,9.76,2137474,63.71,4540978,82.07,139128,22.50,896176,22.90,13306,-2.82,879103,23.67,275860,27.35,4239,9.53,593,-10.22,7827,40.75,1258371,111.56,4265117,87.28,134889,22.96,895583,22.93
"2004M05",21892,31.21,2178367,179.85,4827003,187.09,147168,28.67,971372,30.55,13769,17.54,926267,106.04,289168,111.30,4375,38.23,633,-6.20,8123,63.41,1252100,280.75,4537836,193.81,142793,28.40,970739,30.58
"2004M06",22216,42.78,2291247,79.45,5050587,92.42,150022,24.40,962149,20.33,14035,27.31,908745,29.64,282540,29.81,4430,23.02,620,1.30,8181,80.36,1382502,140.06,4768047,98.08,145592,24.44,961528,20.35
"2004M07",23266,4.11,2496394,6.92,5394738,14.08,162809,32.09,1010207,27.06,14071,-9.71,986315,-5.53,307315,-5.14,4847,-7.61,599,-13.93,9195,35.94,1510079,16.99,5087423,15.50,157962,33.86,1009608,27.09
"2004M08",22843,3.06,2417494,0.96,5243561,0.51,152119,20.97,945461,18.16,13793,-7.63,934927,-6.67,289881,-6.22,4586,-9.85,591,-14.92,9050,25.14,1482567,6.44,4953679,0.93,147533,22.27,944870,18.19
"2004M09",22146,-0.36,2118766,0.21,4574877,5.12,150455,15.84,963607,17.49,13383,-7.61,817833,-10.57,257799,-8.77,4715,6.63,643,-5.31,8763,13.20,1300933,8.43,4317078,6.09,145740,16.16,962964,17.51
"2004M10",21735,-2.93,2176609,1.52,4693344,6.37,156011,10.69,1029449,14.85,12884,-11.52,836094,-10.48,266093,-9.16,4320,-4.85,606,-13.59,8851,13.04,1340515,10.78,4427251,7.47,151691,11.21,1028843,14.87
"2004M11",21303,-1.19,2105917,3.39,4527474,4.26,146827,3.54,958658,7.72,12816,-5.45,819268,-3.77,261553,-1.92,4338,-1.79,604,-3.55,8487,6.03,1286649,8.53,4265922,4.66,142489,3.71,958054,7.73
"2004M12",21139,-2.91,2114588,2.28,4795814,6.46,144374,4.42,947423,9.95,12447,-10.65,799080,-8.08,256460,-5.88,4585,-3.02,645,1.38,8692,10.82,1315508,9.80,4539353,7.26,139789,4.68,946778,9.96
"2005M01",21249,-8.54,2035260,-10.17,4873513,-3.22,134865,8.57,876150,12.22,12333,-16.97,750868,-19.88,240088,-18.70,4761,-24.64,699,7.79,8916,6.42,1284392,-3.32,4633425,-2.26,130104,10.35,875451,12.23
"2005M02",20392,1.73,2166312,17.34,4665695,12.83,121634,-7.43,786753,-7.52,11816,-8.03,796013,4.47,254717,6.85,5593,32.47,518,-15.05,8576,19.13,1370299,26.39,4410978,13.20,116041,-8.75,786234,-7.52
"2005M03",20870,-3.63,2127421,5.05,4916393,10.51,151884,1.53,986988,2.20,12034,-11.89,764978,-7.71,243566,-6.79,3888,-9.41,554,-11.79,8836,10.46,1362443,13.88,4672827,11.59,147996,1.86,986434,2.21
"2005M04",20961,-0.81,2242434,4.91,4895398,7.80,145168,4.34,935263,4.36,12159,-8.62,831537,-5.41,261074,-5.36,4390,3.56,560,-5.52,8802,12.46,1410897,12.12,4634324,8.66,140778,4.37,934702,4.37
"2005M05",21795,-0.44,2319529,6.48,5136852,6.42,144235,-1.99,921203,-5.16,12821,-6.89,875571,-5.47,274172,-5.19,4455,1.83,587,-7.25,8974,10.48,1443958,15.32,4862680,7.16,139780,-2.11,920616,-5.16
"2005M06",21967,-1.12,2294444,0.14,5262132,4.19,152622,1.73,975267,1.36,12872,-8.29,834289,-8.19,261593,-7.41,4358,-1.63,579,-6.71,9095,11.17,1460155,5.62,5000539,4.88,148264,1.84,974688,1.37
"2005M07",22606,-2.84,2595092,3.95,5759107,6.75,157930,-3.00,990369,-1.96,13152,-6.53,949323,-3.75,294008,-4.33,5110,5.43,593,-1.12,9454,2.82,1645769,8.99,5465099,7.42,152820,-3.26,989776,-1.96
"2005M08",22786,-0.25,2456547,1.62,5743168,9.53,153328,0.79,961659,1.71,12691,-7.99,830508,-11.17,258401,-10.86,4965,8.26,568,-3.83,10095,11.55,1626039,9.68,5484766,10.72,148363,0.56,961091,1.72
"2005M09",20755,-6.28,2143976,1.19,4939037,7.96,153131,1.78,970344,0.70,11783,-11.96,759962,-7.08,238692,-7.41,4555,-3.39,617,-4.06,8972,2.39,1384014,6.39,4700345,8.88,148576,1.95,969727,0.70
"2005M10",20942,-3.65,2191954,0.70,5017406,6.90,164567,5.48,1041227,1.14,11655,-9.54,755024,-9.70,240058,-9.78,4330,0.23,576,-4.96,9287,4.93,1436930,7.19,4777347,7.91,160237,5.63,1040651,1.15
"2005M11",20143,-5.45,2010254,-4.54,4673978,3.24,152515,3.87,973034,1.50,11241,-12.29,706933,-13.71,225168,-13.91,3964,-8.62,568,-6.00,8902,4.89,1303321,1.30,4448810,4.29,148551,4.25,972467,1.50
"2005M12",20742,-1.88,2069307,-2.14,4910895,2.40,152917,5.92,980486,3.49,11557,-7.15,716442,-10.34,229406,-10.55,4186,-8.70,603,-6.54,9185,5.67,1352865,2.84,4681489,3.13,148731,6.40,979884,3.50
"2006M01",20977,-1.28,2154394,5.85,5373774,10.26,140996,4.55,891890,1.80,11389,-7.65,720247,-4.08,233695,-2.66,4954,4.05,743,6.18,9588,7.54,1434147,11.66,5140079,10.93,136042,4.56,891148,1.79
"2006M02",19113,-6.27,2091348,-3.46,4888290,4.77,124208,2.12,778195,-1.09,10440,-11.65,658010,-17.34,211909,-16.81,4520,-19.18,488,-5.94,8673,1.13,1433338,4.60,4676382,6.02,119688,3.14,777707,-1.08
"2006M03",20513,-1.71,2157603,1.42,5195891,5.69,161625,6.41,1027582,4.11,11191,-7.01,696292,-8.98,223604,-8.20,3960,1.85,501,-9.45,9322,5.50,1461311,7.26,4972287,6.41,157665,6.53,1027081,4.12
"2006M04",20620,-1.63,2198894,-1.94,5060633,3.38,151690,4.49,963886,3.06,11310,-6.98,717012,-13.77,226693,-13.17,4154,-5.38,528,-5.84,9310,5.77,1481882,5.03,4833939,4.31,147536,4.80,963358,3.07
"2006M05",21267,-2.42,2158086,-6.96,5115292,-0.42,143123,-0.77,921844,0.07,11861,-7.49,731502,-16.45,231121,-15.70,4261,-4.35,591,0.74,9406,4.81,1426584,-1.20,4884171,0.44,138862,-0.66,921253,0.07
"2006M06",21137,-3.78,2258687,-1.56,5407052,2.75,146885,-3.76,971903,-0.34,11949,-7.17,750166,-10.08,235976,-9.79,4177,-4.15,567,-2.00,9188,1.02,1508521,3.31,5171076,3.41,142708,-3.75,971335,-0.34
"2006M07",21924,-3.02,2531052,-2.47,5872331,1.97,154706,-2.04,1016432,2.63,12017,-8.63,809506,-14.73,252460,-14.13,5091,-0.37,555,-6.37,9907,4.79,1721546,4.60,5619871,2.83,149615,-2.10,1015877,2.64
"2006M08",22138,-2.84,2442457,-0.57,5669769,-1.28,149033,-2.80,957809,-0.40,12472,-1.73,783659,-5.64,247119,-4.37,4949,-0.32,618,8.68,9666,-4.25,1658798,2.01,5422650,-1.13,144084,-2.88,957191,-0.41
"2006M09",20882,0.61,2098232,-2.13,4855243,-1.70,152675,-0.30,983031,1.31,11469,-2.66,673508,-11.38,215050,-9.90,4330,-4.94,581,-5.77,9413,4.92,1424724,2.94,4640193,-1.28,148345,-0.16,982450,1.31
"2006M10",21575,3.02,2303603,5.09,5257430,4.78,155869,-5.29,1001589,-3.81,11603,-0.45,742337,-1.68,239897,-0.07,4974,14.87,615,6.67,9972,7.38,1561266,8.65,5017533,5.03,150895,-5.83,1000975,-3.81
"2006M11",19456,-3.41,2109926,4.96,4990106,6.76,152303,-0.14,1003924,3.17,10046,-10.63,656126,-7.19,213695,-5.10,4043,1.99,583,2.64,9410,5.71,1453800,11.55,4776412,7.36,148260,-0.20,1003342,3.17
"2006M12",19887,-4.12,2187850,5.73,5357021,9.08,151989,-0.61,978234,-0.23,10196,-11.78,667974,-6.77,217416,-5.23,4208,0.53,606,0.48,9691,5.51,1519876,12.34,5139604,9.79,147781,-0.64,977628,-0.23
"2007M01",19486,-7.11,1996661,-7.32,5300356,-1.37,130988,-7.10,815428,-8.57,9945,-12.68,566134,-21.40,183493,-21.48,4261,-13.99,647,-12.87,9541,-0.49,1430527,-0.25,5116863,-0.45,126727,-6.85,814781,-8.57
"2007M02",19360,1.29,2145561,2.59,5045384,3.21,119998,-3.39,755102,-2.97,9745,-6.66,604601,-8.12,194639,-8.15,5656,25.13,587,20.36,9615,10.86,1540960,7.51,4850745,3.73,114342,-4.47,754515,-2.98
"2007M03",19325,-5.79,2074365,-3.86,5395781,3.85,149565,-7.46,950700,-7.48,9570,-14.48,510396,-26.70,160744,-28.11,5419,36.84,635,26.69,9755,4.64,1563969,7.03,5235037,5.28,144146,-8.57,950065,-7.50
"2007M04",19377,-6.03,2133080,-2.99,5219169,3.13,140440,-7.42,904696,-6.14,9565,-15.43,562128,-21.60,174759,-22.91,4161,0.17,459,-12.99,9812,5.39,1570952,6.01,5044411,4.35,136279,-7.63,904237,-6.14
"2007M05",20138,-5.31,2096892,-2.84,5272920,3.08,142397,-0.51,944052,2.41,9981,-15.85,555506,-24.06,171059,-25.99,4096,-3.87,509,-13.96,10157,7.98,1541386,8.05,5101862,4.46,138301,-0.40,943543,2.42
"2007M06",20006,-5.35,2149481,-4.83,5490820,1.55,148049,0.79,986030,1.45,9948,-16.75,544699,-27.39,167336,-29.09,4132,-1.08,525,-7.44,10058,9.47,1604782,6.38,5323484,2.95,143917,0.85,985505,1.46
"2007M07",21092,-3.79,2365536,-6.54,5855746,-0.28,151470,-2.09,976675,-3.91,10586,-11.91,662891,-18.11,199779,-20.87,4958,-2.61,531,-4.27,10506,6.05,1702645,-1.10,5655968,0.64,146512,-2.07,976144,-3.91
"2007M08",19069,-13.86,2148425,-12.04,5704532,0.61,146598,-1.63,942566,-1.59,8870,-28.88,493884,-36.98,149613,-39.46,4157,-16.00,514,-16.69,10199,5.51,1654541,-0.26,5554919,2.44,142441,-1.14,942052,-1.58
"2007M09",18860,-9.68,1962108,-6.49,5039723,3.80,152371,-0.20,974135,-0.90,8913,-22.29,491276,-27.06,150028,-30.24,4221,-2.52,539,-7.38,9947,5.67,1470832,3.24,4889694,5.38,148150,-0.13,973597,-0.90
"2007M10",18359,-14.91,1917209,-16.77,4976609,-5.34,152311,-2.28,982008,-1.96,8342,-28.10,450234,-39.35,142582,-40.57,3705,-25.51,480,-21.92,10017,0.45,1466975,-6.04,4834027,-3.66,148606,-1.52,981528,-1.94
"2007M11",18143,-6.75,1870019,-11.37,4884378,-2.12,151142,-0.76,985290,-1.86,8483,-15.56,439775,-32.97,139824,-34.57,3676,-9.08,483,-17.18,9660,2.66,1430244,-1.62,4744555,-0.67,147466,-0.54,984807,-1.85
"2007M12",18682,-6.06,1928732,-11.84,5101657,-4.77,146596,-3.55,928829,-5.05,8580,-15.85,439416,-34.22,138989,-36.07,3941,-6.35,538,-11.18,10102,4.24,1489316,-2.01,4962668,-3.44,142655,-3.47,928291,-5.05
"2008M01",17579,-9.79,1881882,-5.75,5395679,1.80,143241,9.35,840273,3.05,7878,-20.78,409784,-27.62,129095,-29.65,4241,-0.47,659,1.90,9701,1.68,1472098,2.91,5266584,2.93,139000,9.68,839613,3.05
"2008M02",18061,-6.71,1962281,-8.54,4969899,-1.50,124604,3.84,753128,-0.26,8394,-13.86,471865,-21.95,145714,-25.14,4883,-13.67,461,-21.49,9667,0.54,1490416,-3.28,4824186,-0.55,119721,4.70,752667,-0.24
"2008M03",18185,-5.90,1905962,-8.12,5214457,-3.36,162851,8.88,990521,4.19,8008,-16.32,400725,-21.49,123108,-23.41,3752,-30.76,500,-21.29,10177,4.33,1505237,-3.76,5091349,-2.74,159099,10.37,990021,4.21
"2008M04",17271,-10.87,1916284,-10.16,4930538,-5.53,149569,6.50,907758,0.34,7793,-18.53,414682,-26.23,122916,-29.66,3865,-7.11,497,8.15,9478,-3.40,1501602,-4.41,4807622,-4.69,145704,6.92,907261,0.33
"2008M05",16827,-16.44,1914781,-8.68,4992409,-5.32,142075,-0.23,867757,-8.08,7716,-22.69,434858,-21.72,126343,-26.14,3881,-5.25,485,-4.78,9111,-10.30,1479923,-3.99,4866065,-4.62,138194,-0.08,867273,-8.08
"2008M06",15989,-20.08,1849469,-13.96,4924595,-10.31,136730,-7.65,839932,-14.82,7360,-26.02,408423,-25.02,117318,-29.89,3853,-6.75,478,-9.00,8629,-14.21,1441046,-10.20,4807277,-9.70,132877,-7.67,839454,-14.82
"2008M07",16921,-19.78,2086708,-11.79,5328802,-9.00,128818,-14.95,764748,-21.70,7934,-25.05,509279,-23.17,147122,-26.36,4805,-3.09,525,-1.27,8987,-14.46,1577429,-7.35,5181681,-8.39,124013,-15.36,764224,-21.71
"2008M08",16536,-13.28,1968670,-8.37,5281405,-7.42,130035,-11.30,778672,-17.39,7930,-10.60,458254,-7.21,134869,-9.85,4388,5.56,555,7.95,8606,-15.62,1510416,-8.71,5146536,-7.35,125647,-11.79,778116,-17.40
"2008M09",14801,-21.52,1656935,-15.55,4330254,-14.08,126849,-16.75,745886,-23.43,6636,-25.55,372063,-24.27,110957,-26.04,4005,-5.12,543,0.80,8165,-17.91,1284872,-12.64,4219297,-13.71,122844,-17.08,745343,-23.44
"2008M10",15805,-13.91,1757357,-8.34,4519684,-9.18,133774,-12.17,788201,-19.74,7076,-15.18,388489,-13.71,119170,-16.42,4269,15.22,536,11.71,8729,-12.86,1368868,-6.69,4400514,-8.97,129505,-12.85,787665,-19.75
"2008M11",14582,-19.63,1596046,-14.65,4204000,-13.93,116333,-23.03,701637,-28.79,6531,-23.01,338854,-22.95,104866,-25.00,4010,9.09,516,6.96,8051,-16.66,1257192,-12.10,4099134,-13.60,112323,-23.83,701121,-28.81
"2008M12",14466,-22.57,1604878,-16.79,4414389,-13.47,91621,-37.50,516784,-44.36,6557,-23.58,301613,-31.36,92273,-33.61,3959,0.46,560,4.12,7909,-21.71,1303265,-12.49,4322116,-12.91,87662,-38.55,516224,-44.39
"2009M01",15999,-8.99,1783258,-5.24,4876483,-9.62,80903,-43.52,456430,-45.68,7201,-8.59,366654,-10.53,111266,-13.81,5079,19.76,467,-29.20,8798,-9.31,1416604,-3.77,4765217,-9.52,75824,-45.45,455963,-45.69
"2009M02",13075,-27.61,1532734,-21.89,4038165,-18.75,78356,-37.12,453761,-39.75,5403,-35.63,294589,-37.57,89127,-38.83,3643,-25.39,406,-11.89,7672,-20.64,1238145,-16.93,3949039,-18.14,74713,-37.59,453355,-39.77
"2009M03",14362,-21.02,1783682,-6.42,4683308,-10.19,101748,-37.52,593109,-40.12,5879,-26.59,326937,-18.41,99039,-19.55,3669,-2.21,457,-8.60,8483,-16.65,1456745,-3.22,4584269,-9.96,98079,-38.35,592652,-40.14
"2009M04",15391,-10.89,1944217,1.46,4840523,-1.83,103465,-30.82,605780,-33.27,6638,-14.82,393178,-5.19,120111,-2.28,4247,9.88,484,-2.49,8753,-7.65,1551039,3.29,4720412,-1.81,99218,-31.90,605296,-33.28
"2009M05",16774,-0.31,1873608,-2.15,4555763,-8.75,112200,-21.03,675868,-22.11,7667,-0.64,439059,0.97,130062,2.94,4586,18.17,568,17.23,9107,-0.04,1434549,-3.07,4425701,-9.05,107614,-22.13,675300,-22.14
"2009M06",15331,-4.12,1665637,-9.94,4248502,-13.73,113062,-17.31,693715,-17.41,7301,-0.80,384773,-5.79,113094,-3.60,4087,6.07,549,14.90,8030,-6.94,1280864,-11.12,4135408,-13.98,108975,-17.99,693166,-17.43
"2009M07",17076,0.92,2110894,1.16,5026345,-5.68,123400,-4.21,747845,-2.21,8300,4.61,525216,3.13,131105,-10.89,5096,6.06,471,-10.23,8776,-2.35,1585678,0.52,4895240,-5.53,118304,-4.60,747375,-2.20
"2009M08",16619,0.50,2181406,10.81,5531612,4.74,124472,-4.28,744284,-4.42,7625,-3.85,464196,1.30,116722,-13.46,4746,8.16,392,-29.47,8994,4.51,1717210,13.69,5414890,5.21,119726,-4.71,743892,-4.40
"2009M09",16401,10.81,1761432,6.31,4566933,5.47,131909,3.99,783379,5.03,7169,8.03,348501,-6.33,87648,-21.01,3592,-10.31,373,-31.32,9232,13.07,1412931,9.97,4479285,6.16,128317,4.46,783006,5.05
"2009M10",16204,2.52,1856572,5.65,4661128,3.13,148680,11.14,905311,14.86,6551,-7.42,355828,-8.41,93264,-21.74,3975,-6.89,456,-14.93,9653,10.59,1500744,9.63,4567863,3.80,144705,11.74,904854,14.88
"2009M11",15699,7.66,1884872,18.10,4719087,12.25,156498,34.53,1003869,43.08,6153,-5.79,334085,-1.41,89383,-14.76,4044,0.85,478,-7.35,9546,18.57,1550787,23.35,4629704,12.94,152454,35.73,1003391,43.11
"2009M12",16277,12.52,1961327,22.21,5170539,17.13,152936,66.92,941258,82.14,6560,0.05,331500,9.91,87795,-4.85,4312,8.92,525,-6.22,9717,22.86,1629827,25.06,5082744,17.60,148624,69.54,940733,82.23
"2010M01",16032,0.21,1910788,7.15,5216600,6.97,144857,79.05,869806,90.57,6337,-12.00,307011,-16.27,81175,-27.04,4014,-20.97,493,5.62,9695,10.20,1603777,13.21,5135425,7.77,140843,85.75,869313,90.65
"2010M02",15925,21.80,1987199,29.65,4779424,18.36,131485,67.80,813566,79.29,6310,16.79,363467,23.38,94048,5.52,4738,30.06,421,3.82,9615,25.33,1623732,31.14,4685377,18.65,126747,69.65,813144,79.36
"2010M03",16163,12.54,2086667,16.99,5241368,11.92,167145,64.27,1040319,75.40,6183,5.17,345343,5.63,89652,-9.48,3793,3.38,431,-5.62,9980,17.65,1741324,19.54,5151716,12.38,163352,66.55,1039887,75.46
"2010M04",16512,7.28,2144306,10.29,4861909,0.44,163889,58.40,1012373,67.12,6736,1.48,421754,7.27,111395,-7.26,4084,-3.84,423,-12.59,9776,11.69,1722552,11.06,4750514,0.64,159805,61.06,1011950,67.18
"2010M05",17456,4.07,2197401,17.28,5024916,10.30,172864,54.07,1095553,62.10,7394,-3.56,465892,6.11,118620,-8.80,4581,-0.11,462,-18.63,10062,10.49,1731509,20.70,4906296,10.86,168283,56.38,1095090,62.16
"2010M06",17138,11.79,2182600,31.04,5124225,20.61,164949,45.89,1035554,49.28,7401,1.37,436336,13.40,109929,-2.80,4420,8.15,446,-18.68,9737,21.26,1746264,36.33,5014296,21.25,160529,47.31,1035107,49.33
"2010M07",18902,10.69,2463447,16.70,5551980,10.46,168736,36.74,1047821,40.11,8558,3.11,564416,7.46,138890,5.94,5053,-0.84,440,-6.46,10344,17.87,1899031,19.76,5413090,10.58,163683,38.36,1047381,40.14
"2010M08",18422,10.85,2357100,8.05,5476933,-0.99,159949,28.50,985096,32.35,8165,7.08,498188,7.32,123680,5.96,4834,1.85,522,33.32,10257,14.04,1858912,8.25,5353253,-1.14,155115,29.56,984574,32.35
"2010M09",16450,0.30,2004199,13.78,4701543,2.95,156536,18.67,966345,23.36,6633,-7.48,370731,6.38,94494,7.81,4241,18.07,508,36.19,9817,6.34,1633468,15.61,4607049,2.85,152295,18.69,965838,23.35
"2010M10",16696,3.04,2035976,9.66,4686939,0.55,169488,14.00,1058722,16.95,6654,1.57,369748,3.91,96778,3.77,4055,2.01,456,-0.02,10042,4.03,1666228,11.03,4590161,0.49,165433,14.32,1058266,16.95
"2010M11",16371,4.28,2027752,7.58,4561386,-3.34,160023,2.25,987515,-1.63,6257,1.69,354761,6.19,94277,5.48,3664,-9.40,331,-30.78,10114,5.95,1672991,7.88,4467109,-3.51,156359,2.56,987184,-1.62
"2010M12",16934,4.04,2030611,3.53,4824004,-6.70,159935,4.58,960669,2.06,6391,-2.58,327270,-1.28,85752,-2.33,3504,-18.74,363,-30.85,10543,8.50,1703341,4.51,4738252,-6.78,156431,5.25,960306,2.08
"2011M01",16888,5.34,1975434,3.38,5084274,-2.54,151461,4.56,879586,1.12,6333,-0.06,307814,0.26,79384,-2.21,4225,5.26,482,-2.34,10555,8.87,1667620,3.98,5004890,-2.54,147236,4.54,879104,1.13
"2011M02",15808,-0.73,1939649,-2.39,4437536,-7.15,117111,-10.93,683941,-15.93,6426,1.84,366357,0.80,93501,-0.58,3987,-15.85,260,-38.29,9382,-2.42,1573292,-3.11,4344035,-7.29,113124,-10.75,683681,-15.92
"2011M03",16684,3.22,1986332,-4.81,4786310,-8.68,166573,-0.34,1008153,-3.09,6353,2.75,328646,-4.83,84866,-5.34,3471,-8.49,350,-18.81,10331,3.52,1657686,-4.80,4701444,-8.74,163102,-0.15,1007803,-3.09
"2011M04",17218,4.28,2168019,1.11,4733380,-2.64,152967,-6.66,897490,-11.35,7148,6.12,443440,5.14,116489,4.57,4311,5.56,399,-5.72,10070,3.01,1724579,0.12,4616891,-2.81,148656,-6.98,897091,-11.35
"2011M05",17556,0.57,2135731,-2.81,4831058,-3.86,148106,-14.32,894529,-18.35,7696,4.08,481325,3.31,123333,3.97,4436,-3.17,415,-10.28,9860,-2.01,1654406,-4.45,4707724,-4.05,143670,-14.63,894115,-18.35
"2011M06",17509,2.16,2281982,4.55,5251931,2.49,144323,-12.50,874608,-15.54,8120,9.71,512256,17.40,129618,17.91,4774,8.01,467,4.59,9389,-3.57,1769726,1.34,5122313,2.15,139549,-13.07,874141,-15.55
"2011M07",18959,0.30,2568803,4.28,5726331,3.14,157329,-6.76,944894,-9.82,8943,4.50,620303,9.90,158973,14.46,5364,6.15,437,-0.87,10016,-3.17,1948500,2.60,5567358,2.85,151965,-7.16,944457,-9.83
"2011M08",18442,0.11,2433011,3.22,5739270,4.79,147216,-7.96,880218,-10.65,8343,2.18,496990,-0.24,129477,4.69,4440,-8.15,411,-21.29,10099,-1.54,1936021,4.15,5609792,4.79,142776,-7.95,879807,-10.64
"2011M09",18221,10.77,2128251,6.19,4879838,3.79,141894,-9.35,832310,-13.87,7904,19.16,473684,27.77,125654,32.98,4546,7.19,458,-9.88,10317,5.09,1654567,1.29,4754184,3.19,137348,-9.81,831852,-13.87
"2011M10",17927,7.37,2149269,5.56,4924437,5.07,153430,-9.47,935507,-11.64,7225,8.58,437755,18.39,120366,24.37,4038,-0.42,386,-15.37,10702,6.57,1711514,2.72,4804071,4.66,149392,-9.70,935122,-11.64
"2011M11",16936,3.45,2063646,1.77,4659243,2.15,147846,-7.61,863003,-12.61,6535,4.44,386242,8.87,107157,13.66,4150,13.26,384,15.95,10401,2.84,1677404,0.26,4552086,1.90,143696,-8.10,862619,-12.62
"2011M12",17544,3.60,2070589,1.97,5069521,5.09,151642,-5.19,895769,-6.76,6677,4.48,337529,3.13,92819,8.24,3720,6.16,439,20.94,10867,3.07,1733060,1.74,4976702,5.03,147922,-5.44,895330,-6.77
"2012M01",18400,8.95,2278398,15.34,5645694,11.04,120129,-20.69,685242,-22.09,7640,20.64,419535,36.29,118682,49.50,4968,17.59,463,-3.78,10760,1.94,1858863,11.47,5527012,10.43,115161,-21.78,684779,-22.10
"2012M02",15352,-2.88,1976233,1.89,4676976,5.40,128037,9.33,748206,9.40,5894,-8.28,324736,-11.36,91935,-1.67,3213,-19.41,303,16.40,9458,0.81,1651497,4.97,4585041,5.55,124824,10.34,747903,9.39
"2012M03",17533,5.09,2233353,12.44,5202568,8.70,151837,-8.85,870240,-13.68,6480,2.00,371704,13.10,106453,25.44,3555,2.42,373,6.57,11053,6.99,1861649,12.30,5096115,8.39,148282,-9.09,869867,-13.69
"2012M04",18170,5.53,2375467,9.57,5090078,7.54,139220,-8.99,784448,-12.60,7163,0.21,474905,7.10,135874,16.64,4032,-6.47,373,-6.60,11007,9.30,1900562,10.20,4954204,7.31,135188,-9.06,784076,-12.60
"2012M05",19303,9.95,2377552,11.32,5209280,7.83,141240,-4.64,795990,-11.02,8008,4.05,535091,11.17,151422,22.77,4397,-0.88,432,4.11,11295,14.55,1842461,11.37,5057858,7.44,136843,-4.75,795558,-11.02
"2012M06",18500,5.66,2391370,4.79,5521362,5.13,141574,-1.90,824827,-5.69,7432,-8.47,479152,-6.46,135043,4.19,4109,-13.93,425,-8.93,11068,17.88,1912218,8.05,5386319,5.15,137465,-1.49,824401,-5.69
"2012M07",20612,8.72,2756603,7.31,6005594,4.88,146377,-6.96,834119,-11.72,8721,-2.48,641719,3.45,179852,13.13,4964,-7.46,415,-4.87,11891,18.72,2114884,8.54,5825742,4.64,141413,-6.94,833704,-11.73
"2012M08",19255,4.41,2633024,8.22,6072945,5.81,137050,-6.91,769642,-12.56,7439,-10.84,504220,1.45,140351,8.40,4302,-3.11,414,0.60,11816,17.00,2128804,9.96,5932594,5.75,132748,-7.02,769228,-12.57
"2012M09",17858,-1.99,2182765,2.56,4956394,1.57,136958,-3.48,753219,-9.50,7012,-11.29,432767,-8.64,121101,-3.62,4037,-11.20,437,-4.54,10846,5.13,1749998,5.77,4835292,1.71,132921,-3.22,752782,-9.51
"2012M10",17903,-0.13,2258086,5.06,5022588,1.99,134207,-12.53,718532,-23.19,6741,-6.70,431853,-1.35,122327,1.63,3966,-1.78,411,6.39,11162,4.30,1826233,6.70,4900261,2.00,130241,-12.82,718122,-23.21
"2012M11",17139,1.20,2183951,5.83,5048050,8.34,138345,-6.43,756975,-12.29,6158,-5.77,367677,-4.81,105277,-1.75,3716,-10.46,421,9.58,10981,5.58,1816274,8.28,4942772,8.58,134629,-6.31,756555,-12.30
"2012M12",17821,1.58,2223083,7.36,5423419,6.98,144192,-4.91,802066,-10.46,6245,-6.47,340391,0.85,96163,3.60,3775,1.48,451,2.65,11576,6.52,1882692,8.63,5327256,7.04,140417,-5.07,801615,-10.47
"2013M01",17251,-6.24,2046793,-10.17,5298691,-6.15,127340,6.00,674134,-1.62,6013,-21.30,310099,-26.09,84604,-28.71,3870,-22.10,485,4.59,11238,4.44,1736694,-6.57,5214087,-5.66,123470,7.22,673649,-1.63
"2013M02",17443,13.62,2234217,13.05,5065558,8.31,108375,-15.36,588895,-21.29,6525,10.71,397270,22.34,111390,21.16,4387,36.54,350,15.71,10918,15.44,1836947,11.23,4954168,8.05,103988,-16.69,588545,-21.31
"2013M03",18078,3.11,2363666,5.83,5584751,7.35,146137,-3.75,808684,-7.07,6381,-1.53,359413,-3.31,98885,-7.11,3345,-5.91,346,-7.24,11697,5.83,2004253,7.66,5485867,7.65,142792,-3.70,808338,-7.07
"2013M04",18659,2.69,2429462,2.27,5367843,5.46,132727,-4.66,720240,-8.19,7010,-2.14,444700,-6.36,123755,-8.92,3867,-4.09,340,-8.86,11649,5.83,1984762,4.43,5244088,5.85,128860,-4.68,719901,-8.18
"2013M05",19459,0.81,2328676,-2.06,5367101,3.03,139325,-1.36,790629,-0.67,7615,-4.91,491490,-8.15,139967,-7.56,3820,-13.12,360,-16.52,11844,4.86,1837186,-0.29,5227134,3.35,135505,-0.98,790269,-0.66
"2013M06",19732,6.66,2558029,6.97,5874486,6.40,138622,-2.09,797403,-3.32,7897,6.26,525579,9.69,147976,9.58,4197,2.14,382,-10.27,11835,6.93,2032450,6.29,5726510,6.32,134425,-2.21,797021,-3.32
"2013M07",21874,6.12,2840297,3.04,6316687,5.18,139300,-4.83,788546,-5.46,9129,4.68,612590,-4.54,171503,-4.64,4778,-3.75,395,-4.95,12745,7.18,2227707,5.33,6145184,5.48,134522,-4.87,788151,-5.46
"2013M08",21539,11.86,2831996,7.56,6498515,7.01,139136,1.52,793083,3.05,8663,16.45,534365,5.98,149308,6.38,4313,0.26,387,-6.46,12876,8.97,2297631,7.93,6349208,7.02,134823,1.56,792696,3.05
"2013M09",19998,11.98,2511112,15.04,5546201,11.90,133756,-2.34,757792,0.61,7864,12.15,471324,8.91,132581,9.48,4195,3.91,430,-1.67,12134,11.88,2039788,16.56,5413620,11.96,129561,-2.53,757363,0.61
"2013M10",19899,11.15,2459763,8.93,5596660,11.43,145251,8.23,814353,13.34,7483,11.01,423505,-1.93,117580,-3.88,3185,-19.69,434,5.84,12416,11.23,2036258,11.50,5479080,11.81,142066,9.08,813918,13.34
"2013M11",18824,9.83,2353452,7.76,5376739,6.51,151113,9.23,861538,13.81,6704,8.87,366312,-0.37,102620,-2.52,2843,-23.49,363,-13.58,12120,10.37,1987140,9.41,5274119,6.70,148270,10.13,861175,13.83
"2013M12",19318,8.40,2369547,6.59,5707991,5.25,141848,-1.63,800328,-0.22,6655,6.57,329276,-3.27,92825,-3.47,2851,-24.48,416,-7.84,12663,9.39,2040271,8.37,5615166,5.40,138997,-1.01,799913,-0.21
"2014M01",19865,15.15,2351044,14.86,5938531,12.08,134173,5.37,728834,8.11,7173,19.29,337619,8.87,96362,13.90,3450,-10.85,518,6.99,12692,12.94,2013425,15.93,5842168,12.05,130723,5.87,728316,8.11
"2014M02",17911,2.68,2355438,5.43,5387396,6.35,103786,-4.23,571400,-2.97,6554,0.44,366439,-7.76,105930,-4.90,2849,-35.06,280,-20.07,11357,4.02,1988999,8.28,5281467,6.61,100937,-2.93,571120,-2.96
"2014M03",19477,7.74,2541369,7.52,5833999,4.46,155701,6.54,888806,9.91,6836,7.13,365529,1.70,105673,6.87,2530,-24.36,319,-7.98,12641,8.07,2175840,8.56,5728326,4.42,153171,7.27,888487,9.92
"2014M04",20219,8.36,2681163,10.36,5769225,7.48,142937,7.69,775749,7.71,7564,7.90,458423,3.09,132335,6.93,2988,-22.73,356,4.71,12655,8.64,2222740,11.99,5636890,7.49,139949,8.61,775393,7.71
"2014M05",21315,9.54,2753575,18.25,6062790,12.96,145726,4.59,802599,1.51,8207,7.77,538688,9.60,154045,10.06,3295,-13.74,430,19.16,13108,10.67,2214887,20.56,5908745,13.04,142431,5.11,802170,1.51
"2014M06",21332,8.11,2843742,11.17,6257832,6.53,147155,6.16,837728,5.06,8463,7.17,571525,8.74,164363,11.07,3355,-20.06,399,4.52,12869,8.74,2272217,11.80,6093469,6.41,143800,6.97,837329,5.06
"2014M07",23093,5.57,3089322,8.77,6761076,7.04,147714,6.04,826056,4.76,8966,-1.79,624420,1.93,181216,5.66,3432,-28.17,406,2.92,14127,10.84,2464902,10.65,6579861,7.07,144282,7.26,825650,4.76
"2014M08",21874,1.56,2954051,4.31,6868786,5.70,145221,4.37,804759,1.47,7920,-8.58,491903,-7.95,141683,-5.11,3341,-22.54,406,4.96,13954,8.37,2462148,7.16,6727103,5.95,141880,5.23,804353,1.47
"2014M09",19897,-0.51,2530422,0.77,5700940,2.79,137302,2.65,748699,-1.20,6829,-13.16,408271,-13.38,119551,-9.83,3056,-27.15,395,-7.99,13068,7.70,2122151,4.04,5581389,3.10,134246,3.62,748304,-1.20
"2014M10",20766,4.36,2683509,9.10,5993793,7.10,148897,2.51,820373,0.74,7267,-2.89,413837,-2.28,120002,2.06,3005,-5.65,393,-9.50,13499,8.72,2269672,11.46,5873790,7.20,145892,2.69,819979,0.74
"2014M11",19979,6.14,2518763,7.02,5793864,7.76,150770,-0.23,831721,-3.46,6774,1.04,344263,-6.02,100498,-2.07,2695,-5.21,371,2.06,13205,8.95,2174500,9.43,5693366,7.95,148075,-0.13,831350,-3.46
"2014M12",20573,6.50,2663198,12.39,6351546,11.27,148895,4.97,806451,0.77,6763,1.62,339776,3.19,99082,6.74,3322,16.52,403,-3.15,13810,9.06,2323422,13.88,6252463,11.35,145573,4.73,806048,0.77
"2015M01",20391,2.65,2512219,6.86,6378483,7.41,137229,2.28,745136,2.24,6735,-6.11,319041,-5.50,93405,-3.07,3462,0.35,412,-20.45,13656,7.60,2193178,8.93,6285078,7.58,133767,2.33,744723,2.25
"2015M02",19144,6.88,2652529,12.61,6174564,14.61,126297,21.69,730305,27.81,6003,-8.41,359765,-1.82,108607,2.53,3901,36.93,410,46.40,13141,15.71,2292764,15.27,6065956,14.85,122396,21.26,729895,27.80
"2015M03",19774,1.52,2702312,6.33,6690201,14.68,147463,-5.29,845295,-4.90,5949,-12.98,322175,-11.86,97614,-7.63,2833,11.98,360,12.93,13825,9.37,2380137,9.39,6592588,15.09,144630,-5.58,844935,-4.90
"2015M04",20565,1.71,2821862,5.25,6390381,10.77,140100,-1.98,780171,0.57,6720,-11.16,401384,-12.44,121656,-8.07,3185,6.59,363,2.19,13845,9.40,2420478,8.90,6268725,11.21,136915,-2.17,779807,0.57
"2015M05",21627,1.46,2851723,3.56,6608350,9.00,139916,-3.99,769651,-4.11,7449,-9.24,452577,-15.99,133666,-13.23,3358,1.91,362,-15.62,14178,8.16,2399146,8.32,6474683,9.58,136558,-4.12,769289,-4.10
"2015M06",21281,-0.24,2856817,0.46,6630211,5.95,135319,-8.04,753701,-10.03,7802,-7.81,479740,-16.06,141961,-13.63,3616,7.78,390,-2.33,13479,4.74,2377077,4.61,6488250,6.48,131703,-8.41,753311,-10.03
"2015M07",22741,-1.52,3113420,0.78,7192847,6.39,140515,-4.87,775394,-6.13,8239,-8.11,515167,-17.50,153335,-15.39,3751,9.29,355,-12.69,14502,2.65,2598253,5.41,7039513,6.99,136764,-5.21,775039,-6.13
"2015M08",22026,0.69,3104756,5.10,7365752,7.24,133535,-8.05,739152,-8.15,7776,-1.82,465321,-5.40,137823,-2.72,3419,2.33,339,-16.43,14250,2.12,2639435,7.20,7227929,7.44,130116,-8.29,738813,-8.15
"2015M09",21162,6.36,2715800,7.33,6258486,9.78,132438,-3.54,700504,-6.44,7217,5.68,413534,1.29,122268,2.27,3306,8.18,378,-4.32,13945,6.71,2302266,8.49,6136218,9.94,129132,-3.81,700126,-6.44
"2015M10",21849,5.22,2928405,9.13,6737811,12.41,137339,-7.76,755955,-7.85,7228,-0.54,434201,4.92,132221,10.18,3217,7.05,355,-9.80,14621,8.31,2494204,9.89,6605590,12.46,134122,-8.07,755600,-7.85
"2015M11",20752,3.87,2804740,11.35,6544146,12.95,136305,-9.59,751800,-9.61,6707,-0.99,375871,9.18,116414,15.84,2911,8.01,340,-8.31,14045,6.36,2428869,11.70,6427731,12.90,133394,-9.91,751460,-9.61
"2015M12",21232,3.20,2869040,7.73,7083599,11.53,137122,-7.91,730951,-9.36,6630,-1.97,352845,3.85,109954,10.97,2982,-10.23,371,-7.76,14602,5.73,2516195,8.30,6973645,11.53,134140,-7.85,730580,-9.36
"2016M01",21346,4.68,2894102,15.20,7414691,16.25,129357,-5.74,676938,-9.15,6672,-0.94,338149,5.99,104494,11.87,3202,-7.51,419,1.59,14674,7.45,2555953,16.54,7310197,16.31,126155,-5.69,676519,-9.16
"2016M02",21738,13.55,3015080,13.67,7120874,15.33,103328,-18.19,559172,-23.43,6902,14.98,415613,15.52,126924,16.86,3742,-4.08,323,-21.10,14836,12.90,2599467,13.38,6993951,15.30,99586,-18.64,558848,-23.43
"2016M03",21894,10.72,3008775,11.34,7443100,11.25,141937,-3.75,750841,-11.17,6488,9.06,357050,10.82,109381,12.05,2749,-2.97,309,-13.98,15406,11.44,2651725,11.41,7333720,11.24,139188,-3.76,750532,-11.17

"*年增率係以所取得資料之原始精確位數進行計算，與資料發布機關公布之結果-"
"容或有尾差。 "
"(http://win.dgbas.gov.tw/dgbas03/bs7/calendar/MetaQry.asp?QM=0&MetaId-"
"=183) more "
"(http://www.stat.gov.tw/lp.asp?CtNode=1829&CtUnit=690&BaseDSD=7&xq_xC-"
"at=10) 國情統計通報 "
"本表貨運資料包括郵件、貨物及行李。 "

